--inserare modele avioane

insert into modele_avioane(tip, capacitate_pasageri, capacitate_cargo, consum_mediu_kg) values ('A320', 180, 4500, 2500);
insert into modele_avioane(tip, capacitate_pasageri, capacitate_cargo, consum_mediu_kg) values ('A321', 230, 5800, 2900);
insert into modele_avioane(tip, capacitate_pasageri, capacitate_cargo, consum_mediu_kg) values ('A21N', 239, 6200, 2200);
insert into modele_avioane(tip, capacitate_pasageri, capacitate_cargo, consum_mediu_kg) values ('A20N', 186, 4600, 2100);
insert into modele_avioane(tip, capacitate_pasageri, capacitate_cargo, consum_mediu_kg) values ('A21NY', 244, 6500, 2300);

commit;

insert into baze_aeriene(cod_iata, nume_baza, oras, altitudine, suprafata_totala, numar_hangare) values ('OTP', 'Aeroportul International Henri Coanda', 'Bucuresti', 314, 8.20, 4);
insert into baze_aeriene(cod_iata, nume_baza, oras, altitudine, suprafata_totala, numar_hangare) values ('CLJ', 'Aeroportul International Avram Iancu Cluj', 'Cluj-Napoca', 1030, 2.40, 2);
insert into baze_aeriene(cod_iata, nume_baza, oras, altitudine, suprafata_totala, numar_hangare) values ('BUD', 'Aeroportul International Ferihegy Budapesta', 'Budapesta', 495, 15.10, 5);
insert into baze_aeriene(cod_iata, nume_baza, oras, altitudine, suprafata_totala, numar_hangare) values ('WAW', 'Aeroportul Frederic Chopin Varsovia', 'Varsovia', 361, 8.34, 4);
insert into baze_aeriene(cod_iata, nume_baza, oras, altitudine, suprafata_totala, numar_hangare) values ('LTN', 'Aeroportul Londra Luton', 'Londra', 525, 1.48, 3);
insert into baze_aeriene(cod_iata, nume_baza, oras, altitudine, suprafata_totala, numar_hangare) values ('VIE', 'Aeroportul International Viena', 'Viena', 600, 13.50, 6);
insert into baze_aeriene(cod_iata, nume_baza, oras, altitudine, suprafata_totala, numar_hangare) values ('BCN', 'Aeroportul Barcelona-El Prat', 'Barcelona', 14, 12.00, 7);
insert into baze_aeriene(cod_iata, nume_baza, oras, altitudine, suprafata_totala, numar_hangare) values ('MXP', 'Aeroportul Milano Malpensa', 'Milano', 768, 22.00, 10);
insert into baze_aeriene(cod_iata, nume_baza, oras, altitudine, suprafata_totala, numar_hangare) values ('FCO', 'Aeroportul Roma Fiumicino', 'Roma', 16, 16.00, 12);
insert into baze_aeriene(cod_iata, nume_baza, oras, altitudine, suprafata_totala, numar_hangare) values ('SOF', 'Aeroportul Sofia', 'Sofia', 1800, 11.00, 3);

commit;

--inserare avioane

insert into avioane(numar_de_inmatriculare, cod_iata, tip, an_fabricatie, data_achizitie) values('YR-XKB', 'OTP', 'A320', 2010, to_date('15-08-2012', 'dd-mm-yyyy'));
insert into avioane(numar_de_inmatriculare, cod_iata, tip, an_fabricatie, data_achizitie) values('YR-MNP', 'OTP', 'A21N', 2019, to_date('20-01-2020', 'dd-mm-yyyy'));
insert into avioane(numar_de_inmatriculare, cod_iata, tip, an_fabricatie, data_achizitie) values('YR-RTF', 'OTP', 'A321', 2015, to_date('30-11-2018', 'dd-mm-yyyy'));
insert into avioane(numar_de_inmatriculare, cod_iata, tip, an_fabricatie, data_achizitie) values('YR-QWZ', 'OTP', 'A20N', 2018, to_date('12-04-2021', 'dd-mm-yyyy'));
insert into avioane(numar_de_inmatriculare, cod_iata, tip, an_fabricatie, data_achizitie) values('YR-JKL', 'OTP', 'A21NY', 2023, to_date('10-03-2024', 'dd-mm-yyyy'));
insert into avioane(numar_de_inmatriculare, cod_iata, tip, an_fabricatie, data_achizitie) values('YR-BCD', 'OTP', 'A21N', 2020, to_date('25-07-2021', 'dd-mm-yyyy'));
insert into avioane(numar_de_inmatriculare, cod_iata, tip, an_fabricatie, data_achizitie) values('YR-YTG', 'CLJ', 'A320', 2011, to_date('18-06-2014', 'dd-mm-yyyy'));
insert into avioane(numar_de_inmatriculare, cod_iata, tip, an_fabricatie, data_achizitie) values('YR-HJK', 'CLJ', 'A20N', 2019, to_date('05-09-2020', 'dd-mm-yyyy'));
insert into avioane(numar_de_inmatriculare, cod_iata, tip, an_fabricatie, data_achizitie) values('YR-FGH', 'CLJ', 'A321', 2014, to_date('22-12-2016', 'dd-mm-yyyy'));
insert into avioane(numar_de_inmatriculare, cod_iata, tip, an_fabricatie, data_achizitie) values('YR-VBN', 'CLJ', 'A21N', 2021, to_date('14-02-2022', 'dd-mm-yyyy'));
insert into avioane(numar_de_inmatriculare, cod_iata, tip, an_fabricatie, data_achizitie) values('YR-POI', 'CLJ', 'A320', 2009, to_date('30-05-2012', 'dd-mm-yyyy'));
insert into avioane(numar_de_inmatriculare, cod_iata, tip, an_fabricatie, data_achizitie) values('YR-UYT', 'CLJ', 'A21NY', 2022, to_date('18-01-2024', 'dd-mm-yyyy'));
insert into avioane(numar_de_inmatriculare, cod_iata, tip, an_fabricatie, data_achizitie) values('YR-ASD', 'BUD', 'A21N', 2020, to_date('15-03-2021', 'dd-mm-yyyy'));
insert into avioane(numar_de_inmatriculare, cod_iata, tip, an_fabricatie, data_achizitie) values('YR-ZXC', 'BUD', 'A20N', 2018, to_date('10-08-2020', 'dd-mm-yyyy'));
insert into avioane(numar_de_inmatriculare, cod_iata, tip, an_fabricatie, data_achizitie) values('YR-LKJ', 'BUD', 'A321', 2013, to_date('28-11-2017', 'dd-mm-yyyy'));
insert into avioane(numar_de_inmatriculare, cod_iata, tip, an_fabricatie, data_achizitie) values('YR-QWE', 'BUD', 'A320', 2012, to_date('20-04-2015', 'dd-mm-yyyy'));
insert into avioane(numar_de_inmatriculare, cod_iata, tip, an_fabricatie, data_achizitie) values('YR-RTY', 'BUD', 'A21N', 2022, to_date('12-06-2023', 'dd-mm-yyyy'));
insert into avioane(numar_de_inmatriculare, cod_iata, tip, an_fabricatie, data_achizitie) values('YR-DFG', 'BUD', 'A21NY', 2023, to_date('01-02-2024', 'dd-mm-yyyy'));
insert into avioane(numar_de_inmatriculare, cod_iata, tip, an_fabricatie, data_achizitie) values('YR-CVB', 'WAW', 'A320', 2010, to_date('14-09-2013', 'dd-mm-yyyy'));
insert into avioane(numar_de_inmatriculare, cod_iata, tip, an_fabricatie, data_achizitie) values('YR-NMJ', 'WAW', 'A321', 2015, to_date('30-07-2018', 'dd-mm-yyyy'));
insert into avioane(numar_de_inmatriculare, cod_iata, tip, an_fabricatie, data_achizitie) values('YR-HGF', 'WAW', 'A20N', 2019, to_date('08-12-2021', 'dd-mm-yyyy'));
insert into avioane(numar_de_inmatriculare, cod_iata, tip, an_fabricatie, data_achizitie) values('YR-PLK', 'WAW', 'A21N', 2020, to_date('25-03-2022', 'dd-mm-yyyy'));
insert into avioane(numar_de_inmatriculare, cod_iata, tip, an_fabricatie, data_achizitie) values('YR-WSQ', 'WAW', 'A21NY', 2022, to_date('18-05-2024', 'dd-mm-yyyy'));
insert into avioane(numar_de_inmatriculare, cod_iata, tip, an_fabricatie, data_achizitie) values('YR-EDC', 'WAW', 'A320', 2011, to_date('22-02-2014', 'dd-mm-yyyy'));
insert into avioane(numar_de_inmatriculare, cod_iata, tip, an_fabricatie, data_achizitie) values('YR-RFV', 'LTN', 'A320', 2009, to_date('05-10-2012', 'dd-mm-yyyy'));
insert into avioane(numar_de_inmatriculare, cod_iata, tip, an_fabricatie, data_achizitie) values('YR-TGB', 'LTN', 'A321', 2014, to_date('19-08-2017', 'dd-mm-yyyy'));
insert into avioane(numar_de_inmatriculare, cod_iata, tip, an_fabricatie, data_achizitie) values('YR-YHN', 'LTN', 'A20N', 2018, to_date('30-01-2020', 'dd-mm-yyyy'));
insert into avioane(numar_de_inmatriculare, cod_iata, tip, an_fabricatie, data_achizitie) values('YR-UJM', 'LTN', 'A21N', 2021, to_date('14-11-2022', 'dd-mm-yyyy'));
insert into avioane(numar_de_inmatriculare, cod_iata, tip, an_fabricatie, data_achizitie) values('YR-IKO', 'LTN', 'A21NY', 2023, to_date('28-04-2024', 'dd-mm-yyyy'));
insert into avioane(numar_de_inmatriculare, cod_iata, tip, an_fabricatie, data_achizitie) values('YR-PLO', 'LTN', 'A320', 2010, to_date('16-05-2013', 'dd-mm-yyyy'));
insert into avioane(numar_de_inmatriculare, cod_iata, tip, an_fabricatie, data_achizitie) values('YR-WAZ', 'VIE', 'A321', 2021, to_date('10-09-2022', 'dd-mm-yyyy'));
insert into avioane(numar_de_inmatriculare, cod_iata, tip, an_fabricatie, data_achizitie) values('YR-SXD', 'VIE', 'A20N', 2019, to_date('05-04-2021', 'dd-mm-yyyy'));
insert into avioane(numar_de_inmatriculare, cod_iata, tip, an_fabricatie, data_achizitie) values('YR-CDR', 'VIE', 'A321', 2016, to_date('20-12-2019', 'dd-mm-yyyy'));
insert into avioane(numar_de_inmatriculare, cod_iata, tip, an_fabricatie, data_achizitie) values('YR-VFR', 'VIE', 'A320', 2012, to_date('18-07-2015', 'dd-mm-yyyy'));
insert into avioane(numar_de_inmatriculare, cod_iata, tip, an_fabricatie, data_achizitie) values('YR-BGT', 'VIE', 'A21NY', 2023, to_date('22-03-2024', 'dd-mm-yyyy'));
insert into avioane(numar_de_inmatriculare, cod_iata, tip, an_fabricatie, data_achizitie) values('YR-NHY', 'VIE', 'A21N', 2020, to_date('14-01-2022', 'dd-mm-yyyy'));
insert into avioane(numar_de_inmatriculare, cod_iata, tip, an_fabricatie, data_achizitie) values('YR-MJU', 'BCN', 'A320', 2011, to_date('28-06-2014', 'dd-mm-yyyy'));
insert into avioane(numar_de_inmatriculare, cod_iata, tip, an_fabricatie, data_achizitie) values('YR-KIJ', 'BCN', 'A321', 2015, to_date('15-03-2018', 'dd-mm-yyyy'));
insert into avioane(numar_de_inmatriculare, cod_iata, tip, an_fabricatie, data_achizitie) values('YR-UHB', 'BCN', 'A320', 2020, to_date('08-10-2021', 'dd-mm-yyyy'));
insert into avioane(numar_de_inmatriculare, cod_iata, tip, an_fabricatie, data_achizitie) values('YR-YGV', 'BCN', 'A321', 2022, to_date('30-05-2023', 'dd-mm-yyyy'));
insert into avioane(numar_de_inmatriculare, cod_iata, tip, an_fabricatie, data_achizitie) values('YR-TFC', 'BCN', 'A21NY', 2023, to_date('12-02-2024', 'dd-mm-yyyy'));
insert into avioane(numar_de_inmatriculare, cod_iata, tip, an_fabricatie, data_achizitie) values('YR-EDX', 'BCN', 'A320', 2013, to_date('24-11-2016', 'dd-mm-yyyy'));
insert into avioane(numar_de_inmatriculare, cod_iata, tip, an_fabricatie, data_achizitie) values('YR-QAZ', 'MXP', 'A321', 2020, to_date('19-07-2022', 'dd-mm-yyyy'));
insert into avioane(numar_de_inmatriculare, cod_iata, tip, an_fabricatie, data_achizitie) values('YR-WSX', 'MXP', 'A20N', 2017, to_date('28-02-2020', 'dd-mm-yyyy'));
insert into avioane(numar_de_inmatriculare, cod_iata, tip, an_fabricatie, data_achizitie) values('YR-EVC', 'MXP', 'A321', 2014, to_date('12-09-2017', 'dd-mm-yyyy'));
insert into avioane(numar_de_inmatriculare, cod_iata, tip, an_fabricatie, data_achizitie) values('YR-EFV', 'MXP', 'A320', 2013, to_date('05-12-2016', 'dd-mm-yyyy'));
insert into avioane(numar_de_inmatriculare, cod_iata, tip, an_fabricatie, data_achizitie) values('YR-TGN', 'MXP', 'A21NY', 2022, to_date('16-04-2024', 'dd-mm-yyyy'));
insert into avioane(numar_de_inmatriculare, cod_iata, tip, an_fabricatie, data_achizitie) values('YR-YLN', 'MXP', 'A21N', 2021, to_date('22-08-2023', 'dd-mm-yyyy'));
insert into avioane(numar_de_inmatriculare, cod_iata, tip, an_fabricatie, data_achizitie) values('YR-UJT', 'FCO', 'A320', 2010, to_date('10-04-2013', 'dd-mm-yyyy'));
insert into avioane(numar_de_inmatriculare, cod_iata, tip, an_fabricatie, data_achizitie) values('YR-JKO', 'FCO', 'A321', 2016, to_date('05-11-2019', 'dd-mm-yyyy'));
insert into avioane(numar_de_inmatriculare, cod_iata, tip, an_fabricatie, data_achizitie) values('YR-POP', 'FCO', 'A20N', 2019, to_date('18-06-2021', 'dd-mm-yyyy'));
insert into avioane(numar_de_inmatriculare, cod_iata, tip, an_fabricatie, data_achizitie) values('YR-KID', 'FCO', 'A21N', 2020, to_date('14-02-2022', 'dd-mm-yyyy'));
insert into avioane(numar_de_inmatriculare, cod_iata, tip, an_fabricatie, data_achizitie) values('YR-IJE', 'FCO', 'A21NY', 2023, to_date('30-01-2024', 'dd-mm-yyyy'));
insert into avioane(numar_de_inmatriculare, cod_iata, tip, an_fabricatie, data_achizitie) values('YR-MER', 'FCO', 'A320', 2012, to_date('26-08-2015', 'dd-mm-yyyy'));
insert into avioane(numar_de_inmatriculare, cod_iata, tip, an_fabricatie, data_achizitie) values('YR-LIT', 'SOF', 'A320', 2008, to_date('15-03-2011', 'dd-mm-yyyy'));
insert into avioane(numar_de_inmatriculare, cod_iata, tip, an_fabricatie, data_achizitie) values('YR-VER', 'SOF', 'A321', 2013, to_date('22-10-2016', 'dd-mm-yyyy'));
insert into avioane(numar_de_inmatriculare, cod_iata, tip, an_fabricatie, data_achizitie) values('YR-KTM', 'SOF', 'A20N', 2018, to_date('30-05-2020', 'dd-mm-yyyy'));
insert into avioane(numar_de_inmatriculare, cod_iata, tip, an_fabricatie, data_achizitie) values('YR-IKQ', 'SOF', 'A21N', 2020, to_date('12-03-2022', 'dd-mm-yyyy'));
insert into avioane(numar_de_inmatriculare, cod_iata, tip, an_fabricatie, data_achizitie) values('YR-NUI', 'SOF', 'A21NY', 2024, to_date('05-12-2024', 'dd-mm-yyyy'));
insert into avioane(numar_de_inmatriculare, cod_iata, tip, an_fabricatie, data_achizitie) values('YR-QAE', 'SOF', 'A321', 2015, to_date('18-07-2018', 'dd-mm-yyyy'));

commit;

--inserare mentenante

insert into mentenante(data_incepere, numar_de_inmatriculare, tip_verificare, data_finalizare, cost_estimat) values(to_date('20-03-2013', 'dd-mm-yyyy'), 'YR-XKB', 'ATA 21', to_date('05-04-2013', 'dd-mm-yyyy'), 15000.00);
insert into mentenante(data_incepere, numar_de_inmatriculare, tip_verificare, data_finalizare, cost_estimat) values(to_date('10-02-2021', 'dd-mm-yyyy'), 'YR-MNP', 'ATA 24', to_date('25-02-2021', 'dd-mm-yyyy'), 22000.50);
insert into mentenante(data_incepere, numar_de_inmatriculare, tip_verificare, data_finalizare, cost_estimat) values(to_date('15-06-2019', 'dd-mm-yyyy'), 'YR-RTF', 'ATA 27', to_date('01-07-2019', 'dd-mm-yyyy'), 18000.75);
insert into mentenante(data_incepere, numar_de_inmatriculare, tip_verificare, data_finalizare, cost_estimat) values(to_date('08-01-2022', 'dd-mm-yyyy'), 'YR-QWZ', 'ATA 32', to_date('22-01-2022', 'dd-mm-yyyy'), 25000.00);
insert into mentenante(data_incepere, numar_de_inmatriculare, tip_verificare, data_finalizare, cost_estimat) values(to_date('12-06-2024', 'dd-mm-yyyy'), 'YR-JKL', 'ATA 70-80', to_date('28-06-2024', 'dd-mm-yyyy'), 32000.25);
insert into mentenante(data_incepere, numar_de_inmatriculare, tip_verificare, data_finalizare, cost_estimat) values(to_date('05-03-2022', 'dd-mm-yyyy'), 'YR-BCD', 'ATA 21', to_date('20-03-2022', 'dd-mm-yyyy'), 21000.50);
insert into mentenante(data_incepere, numar_de_inmatriculare, tip_verificare, data_finalizare, cost_estimat) values(to_date('12-10-2015', 'dd-mm-yyyy'), 'YR-YTG', 'ATA 24', to_date('28-10-2015', 'dd-mm-yyyy'), 14000.00);
insert into mentenante(data_incepere, numar_de_inmatriculare, tip_verificare, data_finalizare, cost_estimat) values(to_date('28-02-2021', 'dd-mm-yyyy'), 'YR-HJK', 'ATA 27', to_date('15-03-2021', 'dd-mm-yyyy'), 23000.75);
insert into mentenante(data_incepere, numar_de_inmatriculare, tip_verificare, data_finalizare, cost_estimat) values(to_date('10-08-2017', 'dd-mm-yyyy'), 'YR-FGH', 'ATA 32', to_date('25-08-2017', 'dd-mm-yyyy'), 16000.00);
insert into mentenante(data_incepere, numar_de_inmatriculare, tip_verificare, data_finalizare, cost_estimat) values(to_date('15-01-2023', 'dd-mm-yyyy'), 'YR-VBN', 'ATA 70-80', to_date('30-01-2023', 'dd-mm-yyyy'), 28000.50);
insert into mentenante(data_incepere, numar_de_inmatriculare, tip_verificare, data_finalizare, cost_estimat) values(to_date('05-10-2013', 'dd-mm-yyyy'), 'YR-POI', 'ATA 21', to_date('20-10-2013', 'dd-mm-yyyy'), 13500.25);
insert into mentenante(data_incepere, numar_de_inmatriculare, tip_verificare, data_finalizare, cost_estimat) values(to_date('20-08-2024', 'dd-mm-yyyy'), 'YR-UYT', 'ATA 24', to_date('05-09-2024', 'dd-mm-yyyy'), 31000.00);
insert into mentenante(data_incepere, numar_de_inmatriculare, tip_verificare, data_finalizare, cost_estimat) values(to_date('12-05-2022', 'dd-mm-yyyy'), 'YR-ASD', 'ATA 27', to_date('27-05-2022', 'dd-mm-yyyy'), 24000.75);
insert into mentenante(data_incepere, numar_de_inmatriculare, tip_verificare, data_finalizare, cost_estimat) values(to_date('18-01-2021', 'dd-mm-yyyy'), 'YR-ZXC', 'ATA 32', to_date('02-02-2021', 'dd-mm-yyyy'), 22500.00);
insert into mentenante(data_incepere, numar_de_inmatriculare, tip_verificare, data_finalizare, cost_estimat) values(to_date('22-06-2018', 'dd-mm-yyyy'), 'YR-LKJ', 'ATA 70-80', to_date('07-07-2018', 'dd-mm-yyyy'), 17500.50);
insert into mentenante(data_incepere, numar_de_inmatriculare, tip_verificare, data_finalizare, cost_estimat) values(to_date('10-02-2016', 'dd-mm-yyyy'), 'YR-QWE', 'ATA 21', to_date('25-02-2016', 'dd-mm-yyyy'), 15500.25);
insert into mentenante(data_incepere, numar_de_inmatriculare, tip_verificare, data_finalizare, cost_estimat) values(to_date('05-10-2023', 'dd-mm-yyyy'), 'YR-RTY', 'ATA 24', to_date('20-10-2023', 'dd-mm-yyyy'), 29000.00);
insert into mentenante(data_incepere, numar_de_inmatriculare, tip_verificare, data_finalizare, cost_estimat) values(to_date('15-05-2024', 'dd-mm-yyyy'), 'YR-DFG', 'ATA 27', to_date('30-05-2024', 'dd-mm-yyyy'), 31500.75);
insert into mentenante(data_incepere, numar_de_inmatriculare, tip_verificare, data_finalizare, cost_estimat) values(to_date('18-04-2014', 'dd-mm-yyyy'), 'YR-CVB', 'ATA 32', to_date('03-05-2014', 'dd-mm-yyyy'), 14500.00);
insert into mentenante(data_incepere, numar_de_inmatriculare, tip_verificare, data_finalizare, cost_estimat) values(to_date('10-03-2019', 'dd-mm-yyyy'), 'YR-NMJ', 'ATA 70-80', to_date('25-03-2019', 'dd-mm-yyyy'), 19000.50);
insert into mentenante(data_incepere, numar_de_inmatriculare, tip_verificare, data_finalizare, cost_estimat) values(to_date('22-06-2022', 'dd-mm-yyyy'), 'YR-HGF', 'ATA 21', to_date('07-07-2022', 'dd-mm-yyyy'), 26000.25);
insert into mentenante(data_incepere, numar_de_inmatriculare, tip_verificare, data_finalizare, cost_estimat) values(to_date('08-01-2023', 'dd-mm-yyyy'), 'YR-PLK', 'ATA 24', to_date('23-01-2023', 'dd-mm-yyyy'), 27500.00);
insert into mentenante(data_incepere, numar_de_inmatriculare, tip_verificare, data_finalizare, cost_estimat) values(to_date('12-10-2024', 'dd-mm-yyyy'), 'YR-WSQ', 'ATA 27', to_date('27-10-2024', 'dd-mm-yyyy'), 33500.50);
insert into mentenante(data_incepere, numar_de_inmatriculare, tip_verificare, data_finalizare, cost_estimat) values(to_date('20-05-2015', 'dd-mm-yyyy'), 'YR-EDC', 'ATA 32', to_date('04-06-2015', 'dd-mm-yyyy'), 14800.75);
insert into mentenante(data_incepere, numar_de_inmatriculare, tip_verificare, data_finalizare, cost_estimat) values(to_date('10-12-2013', 'dd-mm-yyyy'), 'YR-RFV', 'ATA 70-80', to_date('25-12-2013', 'dd-mm-yyyy'), 13800.00);
insert into mentenante(data_incepere, numar_de_inmatriculare, tip_verificare, data_finalizare, cost_estimat) values(to_date('15-02-2018', 'dd-mm-yyyy'), 'YR-TGB', 'ATA 21', to_date('02-03-2018', 'dd-mm-yyyy'), 18500.50);
insert into mentenante(data_incepere, numar_de_inmatriculare, tip_verificare, data_finalizare, cost_estimat) values(to_date('05-04-2021', 'dd-mm-yyyy'), 'YR-YHN', 'ATA 24', to_date('20-04-2021', 'dd-mm-yyyy'), 23500.25);
insert into mentenante(data_incepere, numar_de_inmatriculare, tip_verificare, data_finalizare, cost_estimat) values(to_date('18-03-2023', 'dd-mm-yyyy'), 'YR-UJM', 'ATA 27', to_date('02-04-2023', 'dd-mm-yyyy'), 28500.00);
insert into mentenante(data_incepere, numar_de_inmatriculare, tip_verificare, data_finalizare, cost_estimat) values(to_date('22-07-2024', 'dd-mm-yyyy'), 'YR-IKO', 'ATA 32', to_date('06-08-2024', 'dd-mm-yyyy'), 32500.50);
insert into mentenante(data_incepere, numar_de_inmatriculare, tip_verificare, data_finalizare, cost_estimat) values(to_date('30-08-2014', 'dd-mm-yyyy'), 'YR-PLO', 'ATA 70-80', to_date('14-09-2014', 'dd-mm-yyyy'), 15200.75);
insert into mentenante(data_incepere, numar_de_inmatriculare, tip_verificare, data_finalizare, cost_estimat) values(to_date('12-02-2023', 'dd-mm-yyyy'), 'YR-WAZ', 'ATA 21', to_date('27-02-2023', 'dd-mm-yyyy'), 29500.00);
insert into mentenante(data_incepere, numar_de_inmatriculare, tip_verificare, data_finalizare, cost_estimat) values(to_date('08-01-2022', 'dd-mm-yyyy'), 'YR-SXD', 'ATA 24', to_date('23-01-2022', 'dd-mm-yyyy'), 26500.25);
insert into mentenante(data_incepere, numar_de_inmatriculare, tip_verificare, data_finalizare, cost_estimat) values(to_date('15-07-2020', 'dd-mm-yyyy'), 'YR-CDR', 'ATA 27', to_date('30-07-2020', 'dd-mm-yyyy'), 20500.50);
insert into mentenante(data_incepere, numar_de_inmatriculare, tip_verificare, data_finalizare, cost_estimat) values(to_date('05-10-2016', 'dd-mm-yyyy'), 'YR-VFR', 'ATA 32', to_date('20-10-2016', 'dd-mm-yyyy'), 16800.00);
insert into mentenante(data_incepere, numar_de_inmatriculare, tip_verificare, data_finalizare, cost_estimat) values(to_date('18-06-2024', 'dd-mm-yyyy'), 'YR-BGT', 'ATA 70-80', to_date('03-07-2024', 'dd-mm-yyyy'), 33000.75);
insert into mentenante(data_incepere, numar_de_inmatriculare, tip_verificare, data_finalizare, cost_estimat) values(to_date('10-04-2023', 'dd-mm-yyyy'), 'YR-NHY', 'ATA 21', to_date('25-04-2023', 'dd-mm-yyyy'), 30000.00);
insert into mentenante(data_incepere, numar_de_inmatriculare, tip_verificare, data_finalizare, cost_estimat) values(to_date('23-09-2015', 'dd-mm-yyyy'), 'YR-MJU', 'ATA 24', to_date('27-09-2015', 'dd-mm-yyyy'), 15800.50);
insert into mentenante(data_incepere, numar_de_inmatriculare, tip_verificare, data_finalizare, cost_estimat) values(to_date('25-06-2019', 'dd-mm-yyyy'), 'YR-KIJ', 'ATA 27', to_date('10-07-2019', 'dd-mm-yyyy'), 19500.25);
insert into mentenante(data_incepere, numar_de_inmatriculare, tip_verificare, data_finalizare, cost_estimat) values(to_date('08-05-2022', 'dd-mm-yyyy'), 'YR-UHB', 'ATA 32', to_date('23-05-2022', 'dd-mm-yyyy'), 27000.00);
insert into mentenante(data_incepere, numar_de_inmatriculare, tip_verificare, data_finalizare, cost_estimat) values(to_date('15-01-2024', 'dd-mm-yyyy'), 'YR-YGV', 'ATA 70-80', to_date('30-01-2024', 'dd-mm-yyyy'), 34000.50);
insert into mentenante(data_incepere, numar_de_inmatriculare, tip_verificare, data_finalizare, cost_estimat) values(to_date('22-05-2024', 'dd-mm-yyyy'), 'YR-TFC', 'ATA 21', to_date('06-06-2024', 'dd-mm-yyyy'), 34500.75);
insert into mentenante(data_incepere, numar_de_inmatriculare, tip_verificare, data_finalizare, cost_estimat) values(to_date('10-12-2017', 'dd-mm-yyyy'), 'YR-EDX', 'ATA 24', to_date('25-12-2017', 'dd-mm-yyyy'), 17800.00);
insert into mentenante(data_incepere, numar_de_inmatriculare, tip_verificare, data_finalizare, cost_estimat) values(to_date('05-03-2023', 'dd-mm-yyyy'), 'YR-QAZ', 'ATA 27', to_date('20-03-2023', 'dd-mm-yyyy'), 30500.50);
insert into mentenante(data_incepere, numar_de_inmatriculare, tip_verificare, data_finalizare, cost_estimat) values(to_date('18-06-2021', 'dd-mm-yyyy'), 'YR-WSX', 'ATA 32', to_date('03-07-2021', 'dd-mm-yyyy'), 25500.25);
insert into mentenante(data_incepere, numar_de_inmatriculare, tip_verificare, data_finalizare, cost_estimat) values(to_date('12-04-2018', 'dd-mm-yyyy'), 'YR-EVC', 'ATA 70-80', to_date('27-04-2018', 'dd-mm-yyyy'), 18800.00);
insert into mentenante(data_incepere, numar_de_inmatriculare, tip_verificare, data_finalizare, cost_estimat) values(to_date('20-05-2017', 'dd-mm-yyyy'), 'YR-EFV', 'ATA 21', to_date('04-06-2017', 'dd-mm-yyyy'), 17200.50);
insert into mentenante(data_incepere, numar_de_inmatriculare, tip_verificare, data_finalizare, cost_estimat) values(to_date('15-09-2024', 'dd-mm-yyyy'), 'YR-TGN', 'ATA 24', to_date('30-09-2024', 'dd-mm-yyyy'), 35000.75);
insert into mentenante(data_incepere, numar_de_inmatriculare, tip_verificare, data_finalizare, cost_estimat) values(to_date('10-02-2024', 'dd-mm-yyyy'), 'YR-YLN', 'ATA 27', to_date('25-02-2024', 'dd-mm-yyyy'), 35500.00);
insert into mentenante(data_incepere, numar_de_inmatriculare, tip_verificare, data_finalizare, cost_estimat) values(to_date('22-06-2014', 'dd-mm-yyyy'), 'YR-UJT', 'ATA 32', to_date('07-07-2014', 'dd-mm-yyyy'), 14900.50);
insert into mentenante(data_incepere, numar_de_inmatriculare, tip_verificare, data_finalizare, cost_estimat) values(to_date('12-05-2020', 'dd-mm-yyyy'), 'YR-JKO', 'ATA 70-80', to_date('27-05-2020', 'dd-mm-yyyy'), 21500.25);
insert into mentenante(data_incepere, numar_de_inmatriculare, tip_verificare, data_finalizare, cost_estimat) values(to_date('18-03-2022', 'dd-mm-yyyy'), 'YR-POP', 'ATA 21', to_date('02-04-2022', 'dd-mm-yyyy'), 27500.00);
insert into mentenante(data_incepere, numar_de_inmatriculare, tip_verificare, data_finalizare, cost_estimat) values(to_date('22-01-2023', 'dd-mm-yyyy'), 'YR-KID', 'ATA 24', to_date('06-02-2023', 'dd-mm-yyyy'), 29000.50);
insert into mentenante(data_incepere, numar_de_inmatriculare, tip_verificare, data_finalizare, cost_estimat) values(to_date('05-04-2024', 'dd-mm-yyyy'), 'YR-IJE', 'ATA 27', to_date('20-04-2024', 'dd-mm-yyyy'), 36000.75);
insert into mentenante(data_incepere, numar_de_inmatriculare, tip_verificare, data_finalizare, cost_estimat) values(to_date('10-11-2016', 'dd-mm-yyyy'), 'YR-MER', 'ATA 32', to_date('25-11-2016', 'dd-mm-yyyy'), 16500.00);
insert into mentenante(data_incepere, numar_de_inmatriculare, tip_verificare, data_finalizare, cost_estimat) values(to_date('20-08-2012', 'dd-mm-yyyy'), 'YR-LIT', 'ATA 70-80', to_date('04-09-2012', 'dd-mm-yyyy'), 12800.50);
insert into mentenante(data_incepere, numar_de_inmatriculare, tip_verificare, data_finalizare, cost_estimat) values(to_date('05-12-2017', 'dd-mm-yyyy'), 'YR-VER', 'ATA 21', to_date('20-12-2017', 'dd-mm-yyyy'), 18200.25);
insert into mentenante(data_incepere, numar_de_inmatriculare, tip_verificare, data_finalizare, cost_estimat) values(to_date('22-07-2021', 'dd-mm-yyyy'), 'YR-KTM', 'ATA 24', to_date('06-08-2021', 'dd-mm-yyyy'), 24500.00);
insert into mentenante(data_incepere, numar_de_inmatriculare, tip_verificare, data_finalizare, cost_estimat) values(to_date('15-06-2023', 'dd-mm-yyyy'), 'YR-IKQ', 'ATA 27', to_date('30-06-2023', 'dd-mm-yyyy'), 31000.50);
insert into mentenante(data_incepere, numar_de_inmatriculare, tip_verificare, data_finalizare, cost_estimat) values(to_date('20-12-2025', 'dd-mm-yyyy'), 'YR-NUI', 'ATA 32', to_date('04-01-2026', 'dd-mm-yyyy'), 37000.75);
insert into mentenante(data_incepere, numar_de_inmatriculare, tip_verificare, data_finalizare, cost_estimat) values(to_date('10-04-2019', 'dd-mm-yyyy'), 'YR-QAE', 'ATA 70-80', to_date('25-04-2019', 'dd-mm-yyyy'), 20000.00);
insert into mentenante(data_incepere, numar_de_inmatriculare, tip_verificare, data_finalizare, cost_estimat) values(to_date('15-06-2020', 'dd-mm-yyyy'), 'YR-UJT', 'ATA 21', to_date('30-06-2020', 'dd-mm-yyyy'), 21000.50);
insert into mentenante(data_incepere, numar_de_inmatriculare, tip_verificare, data_finalizare, cost_estimat) values(to_date('10-09-2021', 'dd-mm-yyyy'), 'YR-MJU', 'ATA 24', to_date('25-09-2021', 'dd-mm-yyyy'), 23500.75);
insert into mentenante(data_incepere, numar_de_inmatriculare, tip_verificare, data_finalizare, cost_estimat) values(to_date('05-11-2020', 'dd-mm-yyyy'), 'YR-VFR', 'ATA 27', to_date('20-11-2020', 'dd-mm-yyyy'), 22500.00);
insert into mentenante(data_incepere, numar_de_inmatriculare, tip_verificare, data_finalizare, cost_estimat) values(to_date('22-03-2021', 'dd-mm-yyyy'), 'YR-CVB', 'ATA 32', to_date('06-04-2021', 'dd-mm-yyyy'), 24000.25);

commit;

--inserare rute

insert into rute (id_ruta, cod_iata_plecare, cod_iata_sosire, culoar_aerian) values (1, 'BUD', 'OTP', 'L850');
insert into rute (id_ruta, cod_iata_plecare, cod_iata_sosire, culoar_aerian) values (2, 'OTP', 'BUD', 'M860');
insert into rute (id_ruta, cod_iata_plecare, cod_iata_sosire, culoar_aerian) values (3, 'BUD', 'WAW', 'Q277');
insert into rute (id_ruta, cod_iata_plecare, cod_iata_sosire, culoar_aerian) values (4, 'WAW', 'BUD', 'L619');
insert into rute (id_ruta, cod_iata_plecare, cod_iata_sosire, culoar_aerian) values (5, 'OTP', 'WAW', 'N744');
insert into rute (id_ruta, cod_iata_plecare, cod_iata_sosire, culoar_aerian) values (6, 'WAW', 'OTP', 'M985');
insert into rute (id_ruta, cod_iata_plecare, cod_iata_sosire, culoar_aerian) values (7, 'BUD', 'LIS', 'UM733');
insert into rute (id_ruta, cod_iata_plecare, cod_iata_sosire, culoar_aerian) values (8, 'LIS', 'BUD', 'UZ651');
insert into rute (id_ruta, cod_iata_plecare, cod_iata_sosire, culoar_aerian) values (9, 'BUD', 'MAD', 'UN869');
insert into rute (id_ruta, cod_iata_plecare, cod_iata_sosire, culoar_aerian) values (10, 'MAD', 'BUD', 'UY442');
insert into rute (id_ruta, cod_iata_plecare, cod_iata_sosire, culoar_aerian) values (11, 'BUD', 'CDG', 'T161');
insert into rute (id_ruta, cod_iata_plecare, cod_iata_sosire, culoar_aerian) values (12, 'CDG', 'BUD', 'Z11');
insert into rute (id_ruta, cod_iata_plecare, cod_iata_sosire, culoar_aerian) values (13, 'OTP', 'FRA', 'L610');
insert into rute (id_ruta, cod_iata_plecare, cod_iata_sosire, culoar_aerian) values (14, 'FRA', 'OTP', 'Z41');
insert into rute (id_ruta, cod_iata_plecare, cod_iata_sosire, culoar_aerian) values (15, 'OTP', 'ATH', 'R10');
insert into rute (id_ruta, cod_iata_plecare, cod_iata_sosire, culoar_aerian) values (16, 'ATH', 'OTP', 'L617');
insert into rute (id_ruta, cod_iata_plecare, cod_iata_sosire, culoar_aerian) values (17, 'OTP', 'AMS', 'N150');
insert into rute (id_ruta, cod_iata_plecare, cod_iata_sosire, culoar_aerian) values (18, 'AMS', 'OTP', 'Y70');
insert into rute (id_ruta, cod_iata_plecare, cod_iata_sosire, culoar_aerian) values (19, 'WAW', 'OSL', 'M607');
insert into rute (id_ruta, cod_iata_plecare, cod_iata_sosire, culoar_aerian) values (20, 'OSL', 'WAW', 'P155');
insert into rute (id_ruta, cod_iata_plecare, cod_iata_sosire, culoar_aerian) values (21, 'WAW', 'CPH', 'L87');
insert into rute (id_ruta, cod_iata_plecare, cod_iata_sosire, culoar_aerian) values (22, 'CPH', 'WAW', 'N191');
insert into rute (id_ruta, cod_iata_plecare, cod_iata_sosire, culoar_aerian) values (23, 'WAW', 'DUB', 'UM185');
insert into rute (id_ruta, cod_iata_plecare, cod_iata_sosire, culoar_aerian) values (24, 'DUB', 'WAW', 'UL603');
insert into rute (id_ruta, cod_iata_plecare, cod_iata_sosire, culoar_aerian) values (25, 'BUD', 'IST', 'UP29');
insert into rute (id_ruta, cod_iata_plecare, cod_iata_sosire, culoar_aerian) values (26, 'IST', 'BUD', 'UW71');
insert into rute (id_ruta, cod_iata_plecare, cod_iata_sosire, culoar_aerian) values (27, 'BUD', 'OTP', 'M860');
insert into rute (id_ruta, cod_iata_plecare, cod_iata_sosire, culoar_aerian) values (28, 'BUD', 'WAW', 'L619');
insert into rute (id_ruta, cod_iata_plecare, cod_iata_sosire, culoar_aerian) values (29, 'OTP', 'WAW', 'M985');


commit;

--inserare planificari

insert into planificari(id_planificare, moment_decolare, moment_aterizare) values(1, to_date('15-12-2025 06:30', 'dd-mm-yyyy hh24:mi'), to_date('15-12-2025 08:10', 'dd-mm-yyyy hh24:mi'));
insert into planificari(id_planificare, moment_decolare, moment_aterizare) values(2, to_date('20-12-2025 14:45', 'dd-mm-yyyy hh24:mi'), to_date('20-12-2025 16:25', 'dd-mm-yyyy hh24:mi'));
insert into planificari(id_planificare, moment_decolare, moment_aterizare) values(3, to_date('10-01-2026 09:15', 'dd-mm-yyyy hh24:mi'), to_date('10-01-2026 10:55', 'dd-mm-yyyy hh24:mi'));
insert into planificari(id_planificare, moment_decolare, moment_aterizare) values(4, to_date('16-12-2025 07:20', 'dd-mm-yyyy hh24:mi'), to_date('16-12-2025 09:05', 'dd-mm-yyyy hh24:mi'));
insert into planificari(id_planificare, moment_decolare, moment_aterizare) values(5, to_date('22-12-2025 15:30', 'dd-mm-yyyy hh24:mi'), to_date('22-12-2025 17:15', 'dd-mm-yyyy hh24:mi'));
insert into planificari(id_planificare, moment_decolare, moment_aterizare) values(6, to_date('12-01-2026 10:45', 'dd-mm-yyyy hh24:mi'), to_date('12-01-2026 12:30', 'dd-mm-yyyy hh24:mi'));
insert into planificari(id_planificare, moment_decolare, moment_aterizare) values(7, to_date('17-12-2025 08:10', 'dd-mm-yyyy hh24:mi'), to_date('17-12-2025 10:20', 'dd-mm-yyyy hh24:mi'));
insert into planificari(id_planificare, moment_decolare, moment_aterizare) values(8, to_date('24-12-2025 16:25', 'dd-mm-yyyy hh24:mi'), to_date('24-12-2025 18:35', 'dd-mm-yyyy hh24:mi'));
insert into planificari(id_planificare, moment_decolare, moment_aterizare) values(9, to_date('14-01-2026 11:30', 'dd-mm-yyyy hh24:mi'), to_date('14-01-2026 13:40', 'dd-mm-yyyy hh24:mi'));
insert into planificari(id_planificare, moment_decolare, moment_aterizare) values(10, to_date('18-12-2025 09:00', 'dd-mm-yyyy hh24:mi'), to_date('18-12-2025 12:45', 'dd-mm-yyyy hh24:mi'));
insert into planificari(id_planificare, moment_decolare, moment_aterizare) values(11, to_date('26-12-2025 17:15', 'dd-mm-yyyy hh24:mi'), to_date('26-12-2025 21:00', 'dd-mm-yyyy hh24:mi'));
insert into planificari(id_planificare, moment_decolare, moment_aterizare) values(12, to_date('16-01-2026 12:20', 'dd-mm-yyyy hh24:mi'), to_date('16-01-2026 16:05', 'dd-mm-yyyy hh24:mi'));
insert into planificari(id_planificare, moment_decolare, moment_aterizare) values(13, to_date('19-12-2025 10:30', 'dd-mm-yyyy hh24:mi'), to_date('19-12-2025 13:40', 'dd-mm-yyyy hh24:mi'));
insert into planificari(id_planificare, moment_decolare, moment_aterizare) values(14, to_date('28-12-2025 18:45', 'dd-mm-yyyy hh24:mi'), to_date('28-12-2025 21:55', 'dd-mm-yyyy hh24:mi'));
insert into planificari(id_planificare, moment_decolare, moment_aterizare) values(15, to_date('18-01-2026 13:10', 'dd-mm-yyyy hh24:mi'), to_date('18-01-2026 16:20', 'dd-mm-yyyy hh24:mi'));
insert into planificari(id_planificare, moment_decolare, moment_aterizare) values(16, to_date('20-12-2025 11:15', 'dd-mm-yyyy hh24:mi'), to_date('20-12-2025 13:30', 'dd-mm-yyyy hh24:mi'));
insert into planificari(id_planificare, moment_decolare, moment_aterizare) values(17, to_date('30-12-2025 19:20', 'dd-mm-yyyy hh24:mi'), to_date('30-12-2025 21:35', 'dd-mm-yyyy hh24:mi'));
insert into planificari(id_planificare, moment_decolare, moment_aterizare) values(18, to_date('20-01-2026 14:05', 'dd-mm-yyyy hh24:mi'), to_date('20-01-2026 16:20', 'dd-mm-yyyy hh24:mi'));
insert into planificari(id_planificare, moment_decolare, moment_aterizare) values(19, to_date('21-12-2025 12:00', 'dd-mm-yyyy hh24:mi'), to_date('21-12-2025 13:50', 'dd-mm-yyyy hh24:mi'));
insert into planificari(id_planificare, moment_decolare, moment_aterizare) values(20, to_date('02-01-2026 20:10', 'dd-mm-yyyy hh24:mi'), to_date('02-01-2026 22:00', 'dd-mm-yyyy hh24:mi'));
insert into planificari(id_planificare, moment_decolare, moment_aterizare) values(21, to_date('22-01-2026 15:15', 'dd-mm-yyyy hh24:mi'), to_date('22-01-2026 17:05', 'dd-mm-yyyy hh24:mi'));
insert into planificari(id_planificare, moment_decolare, moment_aterizare) values(22, to_date('22-12-2025 13:20', 'dd-mm-yyyy hh24:mi'), to_date('22-12-2025 15:10', 'dd-mm-yyyy hh24:mi'));
insert into planificari(id_planificare, moment_decolare, moment_aterizare) values(23, to_date('04-01-2026 21:30', 'dd-mm-yyyy hh24:mi'), to_date('04-01-2026 23:20', 'dd-mm-yyyy hh24:mi'));
insert into planificari(id_planificare, moment_decolare, moment_aterizare) values(24, to_date('24-01-2026 16:25', 'dd-mm-yyyy hh24:mi'), to_date('24-01-2026 18:15', 'dd-mm-yyyy hh24:mi'));
insert into planificari(id_planificare, moment_decolare, moment_aterizare) values(25, to_date('23-12-2025 14:30', 'dd-mm-yyyy hh24:mi'), to_date('23-12-2025 17:10', 'dd-mm-yyyy hh24:mi'));
insert into planificari(id_planificare, moment_decolare, moment_aterizare) values(26, to_date('06-01-2026 22:40', 'dd-mm-yyyy hh24:mi'), to_date('07-01-2026 01:20', 'dd-mm-yyyy hh24:mi'));
insert into planificari(id_planificare, moment_decolare, moment_aterizare) values(27, to_date('26-01-2026 17:35', 'dd-mm-yyyy hh24:mi'), to_date('26-01-2026 20:15', 'dd-mm-yyyy hh24:mi'));
insert into planificari(id_planificare, moment_decolare, moment_aterizare) values(28, to_date('24-12-2025 15:40', 'dd-mm-yyyy hh24:mi'), to_date('24-12-2025 18:05', 'dd-mm-yyyy hh24:mi'));
insert into planificari(id_planificare, moment_decolare, moment_aterizare) values(29, to_date('08-01-2026 23:50', 'dd-mm-yyyy hh24:mi'), to_date('09-01-2026 02:15', 'dd-mm-yyyy hh24:mi'));
insert into planificari(id_planificare, moment_decolare, moment_aterizare) values(30, to_date('28-01-2026 18:45', 'dd-mm-yyyy hh24:mi'), to_date('28-01-2026 21:10', 'dd-mm-yyyy hh24:mi'));
insert into planificari(id_planificare, moment_decolare, moment_aterizare) values(31, to_date('25-12-2025 16:50', 'dd-mm-yyyy hh24:mi'), to_date('25-12-2025 18:30', 'dd-mm-yyyy hh24:mi'));
insert into planificari(id_planificare, moment_decolare, moment_aterizare) values(32, to_date('10-01-2026 07:00', 'dd-mm-yyyy hh24:mi'), to_date('10-01-2026 08:40', 'dd-mm-yyyy hh24:mi'));
insert into planificari(id_planificare, moment_decolare, moment_aterizare) values(33, to_date('30-01-2026 19:55', 'dd-mm-yyyy hh24:mi'), to_date('30-01-2026 21:35', 'dd-mm-yyyy hh24:mi'));
insert into planificari(id_planificare, moment_decolare, moment_aterizare) values(34, to_date('26-12-2025 17:10', 'dd-mm-yyyy hh24:mi'), to_date('26-12-2025 20:20', 'dd-mm-yyyy hh24:mi'));
insert into planificari(id_planificare, moment_decolare, moment_aterizare) values(35, to_date('12-01-2026 08:15', 'dd-mm-yyyy hh24:mi'), to_date('12-01-2026 11:25', 'dd-mm-yyyy hh24:mi'));
insert into planificari(id_planificare, moment_decolare, moment_aterizare) values(36, to_date('01-02-2026 20:05', 'dd-mm-yyyy hh24:mi'), to_date('01-02-2026 23:15', 'dd-mm-yyyy hh24:mi'));
insert into planificari(id_planificare, moment_decolare, moment_aterizare) values(37, to_date('27-12-2025 18:20', 'dd-mm-yyyy hh24:mi'), to_date('27-12-2025 21:30', 'dd-mm-yyyy hh24:mi'));
insert into planificari(id_planificare, moment_decolare, moment_aterizare) values(38, to_date('14-01-2026 09:25', 'dd-mm-yyyy hh24:mi'), to_date('14-01-2026 12:35', 'dd-mm-yyyy hh24:mi'));
insert into planificari(id_planificare, moment_decolare, moment_aterizare) values(39, to_date('03-02-2026 21:15', 'dd-mm-yyyy hh24:mi'), to_date('04-02-2026 00:25', 'dd-mm-yyyy hh24:mi'));
insert into planificari(id_planificare, moment_decolare, moment_aterizare) values(40, to_date('15-12-2025 09:00', 'dd-mm-yyyy hh24:mi'), to_date('15-12-2025 10:25', 'dd-mm-yyyy hh24:mi'));
insert into planificari(id_planificare, moment_decolare, moment_aterizare) values(41, to_date('20-12-2025 17:15', 'dd-mm-yyyy hh24:mi'), to_date('20-12-2025 18:40', 'dd-mm-yyyy hh24:mi'));
insert into planificari(id_planificare, moment_decolare, moment_aterizare) values(42, to_date('10-01-2026 11:45', 'dd-mm-yyyy hh24:mi'), to_date('10-01-2026 13:10', 'dd-mm-yyyy hh24:mi'));
insert into planificari(id_planificare, moment_decolare, moment_aterizare) values(43, to_date('16-12-2025 09:55', 'dd-mm-yyyy hh24:mi'), to_date('16-12-2025 11:25', 'dd-mm-yyyy hh24:mi'));
insert into planificari(id_planificare, moment_decolare, moment_aterizare) values(44, to_date('22-12-2025 18:05', 'dd-mm-yyyy hh24:mi'), to_date('22-12-2025 19:35', 'dd-mm-yyyy hh24:mi'));
insert into planificari(id_planificare, moment_decolare, moment_aterizare) values(45, to_date('12-01-2026 13:20', 'dd-mm-yyyy hh24:mi'), to_date('12-01-2026 14:50', 'dd-mm-yyyy hh24:mi'));
insert into planificari(id_planificare, moment_decolare, moment_aterizare) values(46, to_date('17-12-2025 11:10', 'dd-mm-yyyy hh24:mi'), to_date('17-12-2025 13:05', 'dd-mm-yyyy hh24:mi'));
insert into planificari(id_planificare, moment_decolare, moment_aterizare) values(47, to_date('24-12-2025 19:25', 'dd-mm-yyyy hh24:mi'), to_date('24-12-2025 21:20', 'dd-mm-yyyy hh24:mi'));
insert into planificari(id_planificare, moment_decolare, moment_aterizare) values(48, to_date('14-01-2026 14:30', 'dd-mm-yyyy hh24:mi'), to_date('14-01-2026 16:25', 'dd-mm-yyyy hh24:mi'));
insert into planificari(id_planificare, moment_decolare, moment_aterizare) values(49, to_date('18-12-2025 13:45', 'dd-mm-yyyy hh24:mi'), to_date('18-12-2025 17:15', 'dd-mm-yyyy hh24:mi'));
insert into planificari(id_planificare, moment_decolare, moment_aterizare) values(50, to_date('26-12-2025 22:00', 'dd-mm-yyyy hh24:mi'), to_date('27-12-2025 01:30', 'dd-mm-yyyy hh24:mi'));
insert into planificari(id_planificare, moment_decolare, moment_aterizare) values(51, to_date('19-12-2025 14:40', 'dd-mm-yyyy hh24:mi'), to_date('19-12-2025 17:35', 'dd-mm-yyyy hh24:mi'));
insert into planificari(id_planificare, moment_decolare, moment_aterizare) values(52, to_date('28-12-2025 23:00', 'dd-mm-yyyy hh24:mi'), to_date('29-12-2025 01:55', 'dd-mm-yyyy hh24:mi'));

--inserare zboruri

insert into zboruri(id_zbor, id_ruta, numar_de_inmatriculare, id_planificare, poarta_imbarcare, cost_operare) values(101, 1, 'YR-ASD', 1, 'B12', 18500.75);
insert into zboruri(id_zbor, id_ruta, numar_de_inmatriculare, id_planificare, poarta_imbarcare, cost_operare) values(102, 2, 'YR-XKB', 40, 'A5', 17250.40);
insert into zboruri(id_zbor, id_ruta, numar_de_inmatriculare, id_planificare, poarta_imbarcare, cost_operare) values(103, 27, 'YR-ZXC', 2, 'C8', 23891.90);
insert into zboruri(id_zbor, id_ruta, numar_de_inmatriculare, id_planificare, poarta_imbarcare, cost_operare) values(104, 2, 'YR-MNP', 41, '15', 17580.60);
insert into zboruri(id_zbor, id_ruta, numar_de_inmatriculare, id_planificare, poarta_imbarcare, cost_operare) values(105, 3, 'YR-QWE', 4, '45', 21050.75);
insert into zboruri(id_zbor, id_ruta, numar_de_inmatriculare, id_planificare, poarta_imbarcare, cost_operare) values(106, 4, 'YR-CVB', 43, 'B25', 19875.40);
insert into zboruri(id_zbor, id_ruta, numar_de_inmatriculare, id_planificare, poarta_imbarcare, cost_operare) values(107, 5, 'YR-QWZ', 7, '33', 24500.75);
insert into zboruri(id_zbor, id_ruta, numar_de_inmatriculare, id_planificare, poarta_imbarcare, cost_operare) values(108, 6, 'YR-PLK', 46, 'D22', 23250.40);
insert into zboruri(id_zbor, id_ruta, numar_de_inmatriculare, id_planificare, poarta_imbarcare, cost_operare) values(109, 29, 'YR-JKL', 8, 'A30', 25680.25);
insert into zboruri(id_zbor, id_ruta, numar_de_inmatriculare, id_planificare, poarta_imbarcare, cost_operare) values(110, 6, 'YR-WSQ', 47, 'F7', 23540.60);
insert into zboruri(id_zbor, id_ruta, numar_de_inmatriculare, id_planificare, poarta_imbarcare, cost_operare) values(111, 7, 'YR-LKJ', 11, '28', 38780.25);
insert into zboruri(id_zbor, id_ruta, numar_de_inmatriculare, id_planificare, poarta_imbarcare, cost_operare) values(112, 8, 'YR-QWE', 50, 'A55', 37540.60);
insert into zboruri(id_zbor, id_ruta, numar_de_inmatriculare, id_planificare, poarta_imbarcare, cost_operare) values(113, 9, 'YR-RTY', 13, 'B65', 32500.75);
insert into zboruri(id_zbor, id_ruta, numar_de_inmatriculare, id_planificare, poarta_imbarcare, cost_operare) values(114, 10, 'YR-DFG', 51, 'C42', 31250.40);
insert into zboruri(id_zbor, id_ruta, numar_de_inmatriculare, id_planificare, poarta_imbarcare, cost_operare) values(115, 11, 'YR-LKJ', 16, 'F18', 29800.75);
insert into zboruri(id_zbor, id_ruta, numar_de_inmatriculare, id_planificare, poarta_imbarcare, cost_operare) values(116, 12, 'YR-QWE', 17, '112', 28780.60);
insert into zboruri(id_zbor, id_ruta, numar_de_inmatriculare, id_planificare, poarta_imbarcare, cost_operare) values(117, 11, 'YR-RTY', 18, '125', 30020.25);
insert into zboruri(id_zbor, id_ruta, numar_de_inmatriculare, id_planificare, poarta_imbarcare, cost_operare) values(118, 13, 'YR-XKB', 7, '105', 24780.25);
insert into zboruri(id_zbor, id_ruta, numar_de_inmatriculare, id_planificare, poarta_imbarcare, cost_operare) values(119, 14, 'YR-MNP', 8, '98', 23540.60);
insert into zboruri(id_zbor, id_ruta, numar_de_inmatriculare, id_planificare, poarta_imbarcare, cost_operare) values(120, 15, 'YR-JKL', 22, '195', 19500.75);
insert into zboruri(id_zbor, id_ruta, numar_de_inmatriculare, id_planificare, poarta_imbarcare, cost_operare) values(121, 16, 'YR-BCD', 23, '96', 18250.40);
insert into zboruri(id_zbor, id_ruta, numar_de_inmatriculare, id_planificare, poarta_imbarcare, cost_operare) values(122, 15, 'YR-XKB', 24, '95', 19780.25);
insert into zboruri(id_zbor, id_ruta, numar_de_inmatriculare, id_planificare, poarta_imbarcare, cost_operare) values(123, 17, 'YR-RTF', 10, '210', 27780.25);
insert into zboruri(id_zbor, id_ruta, numar_de_inmatriculare, id_planificare, poarta_imbarcare, cost_operare) values(124, 18, 'YR-QWZ', 11, '145', 26540.60);
insert into zboruri(id_zbor, id_ruta, numar_de_inmatriculare, id_planificare, poarta_imbarcare, cost_operare) values(125, 19, 'YR-CVB', 28, '225', 22500.75);
insert into zboruri(id_zbor, id_ruta, numar_de_inmatriculare, id_planificare, poarta_imbarcare, cost_operare) values(126, 20, 'YR-NMJ', 29, 'M3', 21250.40);
insert into zboruri(id_zbor, id_ruta, numar_de_inmatriculare, id_planificare, poarta_imbarcare, cost_operare) values(127, 19, 'YR-HGF', 30, '231', 22780.25);
insert into zboruri(id_zbor, id_ruta, numar_de_inmatriculare, id_planificare, poarta_imbarcare, cost_operare) values(128, 21, 'YR-WSQ', 31, '29', 18500.75);
insert into zboruri(id_zbor, id_ruta, numar_de_inmatriculare, id_planificare, poarta_imbarcare, cost_operare) values(129, 22, 'YR-EDC', 32, 'A10', 17250.40);
insert into zboruri(id_zbor, id_ruta, numar_de_inmatriculare, id_planificare, poarta_imbarcare, cost_operare) values(130, 21, 'YR-CVB', 33, 'B11', 18750.25);
insert into zboruri(id_zbor, id_ruta, numar_de_inmatriculare, id_planificare, poarta_imbarcare, cost_operare) values(131, 23, 'YR-HGF', 34, 'S12', 29500.75);
insert into zboruri(id_zbor, id_ruta, numar_de_inmatriculare, id_planificare, poarta_imbarcare, cost_operare) values(132, 24, 'YR-PLK', 35, 'L13', 28250.40);
insert into zboruri(id_zbor, id_ruta, numar_de_inmatriculare, id_planificare, poarta_imbarcare, cost_operare) values(133, 23, 'YR-WSQ', 36, 'K14', 29780.25);
insert into zboruri(id_zbor, id_ruta, numar_de_inmatriculare, id_planificare, poarta_imbarcare, cost_operare) values(134, 25, 'YR-ASD', 37, 'G15', 26500.75);
insert into zboruri(id_zbor, id_ruta, numar_de_inmatriculare, id_planificare, poarta_imbarcare, cost_operare) values(135, 26, 'YR-ZXC', 38, 'B16', 25250.40);
insert into zboruri(id_zbor, id_ruta, numar_de_inmatriculare, id_planificare, poarta_imbarcare, cost_operare) values(136, 25, 'YR-LKJ', 39, 'F17', 26780.25);

commit;

--inserare membrii_echipaje

insert into membrii_echipaje(id_membru_echipaj, tip_membru, nume, prenume, data_angajare, salariu) values('502347', 'Pilot', 'Popescu', 'Mihai', to_date('15-03-2015', 'dd-mm-yyyy'), 8500);
insert into membrii_echipaje(id_membru_echipaj, tip_membru, nume, prenume, data_angajare, salariu) values('618923', 'Pilot', 'Ionescu', 'Andrei', to_date('22-06-2016', 'dd-mm-yyyy'), 8200);
insert into membrii_echipaje(id_membru_echipaj, tip_membru, nume, prenume, data_angajare, salariu) values('734568', 'Pilot', 'Dumitrescu', 'Alexandru', to_date('10-09-2017', 'dd-mm-yyyy'), 7900);
insert into membrii_echipaje(id_membru_echipaj, tip_membru, nume, prenume, data_angajare, salariu) values('845217', 'Pilot', 'Stan', 'Cristian', to_date('05-11-2018', 'dd-mm-yyyy'), 7600);
insert into membrii_echipaje(id_membru_echipaj, tip_membru, nume, prenume, data_angajare, salariu) values('912345', 'Pilot', 'Radu', 'Gabriel', to_date('18-02-2019', 'dd-mm-yyyy'), 7300);
insert into membrii_echipaje(id_membru_echipaj, tip_membru, nume, prenume, data_angajare, salariu) values('203874', 'Pilot', 'Moldovan', 'Robert', to_date('30-05-2020', 'dd-mm-yyyy'), 7100);
insert into membrii_echipaje(id_membru_echipaj, tip_membru, nume, prenume, data_angajare, salariu) values('456123', 'Pilot', 'Florea', 'Daniel', to_date('14-08-2021', 'dd-mm-yyyy'), 6900);
insert into membrii_echipaje(id_membru_echipaj, tip_membru, nume, prenume, data_angajare, salariu) values('789456', 'Pilot', 'Neagu', 'Valentin', to_date('25-01-2022', 'dd-mm-yyyy'), 6700);
insert into membrii_echipaje(id_membru_echipaj, tip_membru, nume, prenume, data_angajare, salariu) values('654987', 'Pilot', 'Gheorghe', 'Stefan', to_date('12-04-2023', 'dd-mm-yyyy'), 6500);
insert into membrii_echipaje(id_membru_echipaj, tip_membru, nume, prenume, data_angajare, salariu) values('321654', 'Pilot', 'Marin', 'Adrian', to_date('08-07-2024', 'dd-mm-yyyy'), 6300);
insert into membrii_echipaje(id_membru_echipaj, tip_membru, nume, prenume, data_angajare, salariu) values('147258', 'Pilot', 'Tudor', 'Cosmin', to_date('20-10-2025', 'dd-mm-yyyy'), 6200);
insert into membrii_echipaje(id_membru_echipaj, tip_membru, nume, prenume, data_angajare, salariu) values('852963', 'Pilot', 'Ciobanu', 'Marius', to_date('03-12-2017', 'dd-mm-yyyy'), 7800);
insert into membrii_echipaje(id_membru_echipaj, tip_membru, nume, prenume, data_angajare, salariu) values('451237', 'Insotitor de zbor', 'Popa', 'Ana', to_date('10-04-2015', 'dd-mm-yyyy'), 2100);
insert into membrii_echipaje(id_membru_echipaj, tip_membru, nume, prenume, data_angajare, salariu) values('789453', 'Insotitor de zbor', 'Iancu', 'Elena', to_date('22-08-2015', 'dd-mm-yyyy'), 2050);
insert into membrii_echipaje(id_membru_echipaj, tip_membru, nume, prenume, data_angajare, salariu) values('123789', 'Insotitor de zbor', 'Stanescu', 'Maria', to_date('15-01-2016', 'dd-mm-yyyy'), 2000);
insert into membrii_echipaje(id_membru_echipaj, tip_membru, nume, prenume, data_angajare, salariu) values('654123', 'Insotitor de zbor', 'Oprea', 'Andreea', to_date('30-05-2016', 'dd-mm-yyyy'), 1950);
insert into membrii_echipaje(id_membru_echipaj, tip_membru, nume, prenume, data_angajare, salariu) values('987321', 'Insotitor de zbor', 'Dobre', 'Ioana', to_date('18-03-2017', 'dd-mm-yyyy'), 1900);
insert into membrii_echipaje(id_membru_echipaj, tip_membru, nume, prenume, data_angajare, salariu) values('456987', 'Insotitor de zbor', 'Constantin', 'Cristina', to_date('05-09-2017', 'dd-mm-yyyy'), 1850);
insert into membrii_echipaje(id_membru_echipaj, tip_membru, nume, prenume, data_angajare, salariu) values('258147', 'Insotitor de zbor', 'Barbu', 'Gabriela', to_date('14-02-2018', 'dd-mm-yyyy'), 1800);
insert into membrii_echipaje(id_membru_echipaj, tip_membru, nume, prenume, data_angajare, salariu) values('369258', 'Insotitor de zbor', 'Munteanu', 'Raluca', to_date('20-07-2018', 'dd-mm-yyyy'), 1750);
insert into membrii_echipaje(id_membru_echipaj, tip_membru, nume, prenume, data_angajare, salariu) values('741852', 'Insotitor de zbor', 'Petrescu', 'Alexandra', to_date('08-11-2018', 'dd-mm-yyyy'), 1700);
insert into membrii_echipaje(id_membru_echipaj, tip_membru, nume, prenume, data_angajare, salariu) values('963852', 'Insotitor de zbor', 'Enache', 'Diana', to_date('25-01-2019', 'dd-mm-yyyy'), 1650);
insert into membrii_echipaje(id_membru_echipaj, tip_membru, nume, prenume, data_angajare, salariu) values('159753', 'Insotitor de zbor', 'Vlad', 'Laura', to_date('12-06-2019', 'dd-mm-yyyy'), 1600);
insert into membrii_echipaje(id_membru_echipaj, tip_membru, nume, prenume, data_angajare, salariu) values('753951', 'Insotitor de zbor', 'Mihai', 'Simona', to_date('30-10-2019', 'dd-mm-yyyy'), 1550);
insert into membrii_echipaje(id_membru_echipaj, tip_membru, nume, prenume, data_angajare, salariu) values('357159', 'Insotitor de zbor', 'Georgescu', 'Monica', to_date('17-03-2020', 'dd-mm-yyyy'), 1500);
insert into membrii_echipaje(id_membru_echipaj, tip_membru, nume, prenume, data_angajare, salariu) values('951753', 'Insotitor de zbor', 'Gavrila', 'Claudia', to_date('05-08-2020', 'dd-mm-yyyy'), 1450);
insert into membrii_echipaje(id_membru_echipaj, tip_membru, nume, prenume, data_angajare, salariu) values('268437', 'Insotitor de zbor', 'Dinu', 'Alina', to_date('20-01-2021', 'dd-mm-yyyy'), 1400);
insert into membrii_echipaje(id_membru_echipaj, tip_membru, nume, prenume, data_angajare, salariu) values('579314', 'Insotitor de zbor', 'Badea', 'Carmen', to_date('14-05-2021', 'dd-mm-yyyy'), 1350);
insert into membrii_echipaje(id_membru_echipaj, tip_membru, nume, prenume, data_angajare, salariu) values('682491', 'Insotitor de zbor', 'Filip', 'Nicoleta', to_date('28-09-2021', 'dd-mm-yyyy'), 1300);
insert into membrii_echipaje(id_membru_echipaj, tip_membru, nume, prenume, data_angajare, salariu) values('794512', 'Insotitor de zbor', 'Lazar', 'Georgiana', to_date('15-02-2022', 'dd-mm-yyyy'), 1250);
insert into membrii_echipaje(id_membru_echipaj, tip_membru, nume, prenume, data_angajare, salariu) values('183649', 'Insotitor de zbor', 'Craciun', 'Irina', to_date('10-07-2022', 'dd-mm-yyyy'), 1200);
insert into membrii_echipaje(id_membru_echipaj, tip_membru, nume, prenume, data_angajare, salariu) values('294758', 'Insotitor de zbor', 'Balan', 'Sorina', to_date('25-11-2022', 'dd-mm-yyyy'), 1150);
insert into membrii_echipaje(id_membru_echipaj, tip_membru, nume, prenume, data_angajare, salariu) values('385927', 'Insotitor de zbor', 'Toma', 'Loredana', to_date('18-04-2023', 'dd-mm-yyyy'), 1100);
insert into membrii_echipaje(id_membru_echipaj, tip_membru, nume, prenume, data_angajare, salariu) values('496138', 'Insotitor de zbor', 'Serban', 'Anca', to_date('05-08-2023', 'dd-mm-yyyy'), 1050);
insert into membrii_echipaje(id_membru_echipaj, tip_membru, nume, prenume, data_angajare, salariu) values('507249', 'Insotitor de zbor', 'Pavel', 'Mihaela', to_date('12-01-2024', 'dd-mm-yyyy'), 1000);
insert into membrii_echipaje(id_membru_echipaj, tip_membru, nume, prenume, data_angajare, salariu) values('618350', 'Insotitor de zbor', 'Mocanu', 'Adriana', to_date('30-05-2024', 'dd-mm-yyyy'), 950);
insert into membrii_echipaje(id_membru_echipaj, tip_membru, nume, prenume, data_angajare, salariu) values('729461', 'Insotitor de zbor', 'Cristea', 'Corina', to_date('15-10-2024', 'dd-mm-yyyy'), 900);
insert into membrii_echipaje(id_membru_echipaj, tip_membru, nume, prenume, data_angajare, salariu) values('830572', 'Insotitor de zbor', 'Stefan', 'Camelia', to_date('28-02-2025', 'dd-mm-yyyy'), 850);
insert into membrii_echipaje(id_membru_echipaj, tip_membru, nume, prenume, data_angajare, salariu) values('941683', 'Insotitor de zbor', 'Nistor', 'Eliza', to_date('20-06-2025', 'dd-mm-yyyy'), 800);
insert into membrii_echipaje(id_membru_echipaj, tip_membru, nume, prenume, data_angajare, salariu) values('052794', 'Insotitor de zbor', 'Burlacu', 'Ramona', to_date('30-11-2016', 'dd-mm-yyyy'), 1980);

commit;

--inserare piloti

insert into piloti(id_pilot, ore_zbor_angajare, licenta, grad) values('502347', 3200, 'ATPL', 'Capitan');
insert into piloti(id_pilot, ore_zbor_angajare, licenta, grad) values('618923', 2800, 'ATPL', 'Prim ofiter');
insert into piloti(id_pilot, ore_zbor_angajare, licenta, grad) values('734568', 2400, 'ATPL', 'Prim ofiter');
insert into piloti(id_pilot, ore_zbor_angajare, licenta, grad) values('845217', 2100, 'CPL', 'Prim ofiter');
insert into piloti(id_pilot, ore_zbor_angajare, licenta, grad) values('912345', 1800, 'CPL', 'Ofiter secund');
insert into piloti(id_pilot, ore_zbor_angajare, licenta, grad) values('203874', 1500, 'CPL', 'Ofiter secund');
insert into piloti(id_pilot, ore_zbor_angajare, licenta, grad) values('456123', 1200, 'CPL', 'Ofiter secund');
insert into piloti(id_pilot, ore_zbor_angajare, licenta, grad) values('789456', 900, 'CPL', 'Cadet');
insert into piloti(id_pilot, ore_zbor_angajare, licenta, grad) values('654987', 700, 'CPL', 'Cadet');
insert into piloti(id_pilot, ore_zbor_angajare, licenta, grad) values('321654', 500, 'PPL', 'Cadet');
insert into piloti(id_pilot, ore_zbor_angajare, licenta, grad) values('147258', 450, 'PPL', 'Cadet');
insert into piloti(id_pilot, ore_zbor_angajare, licenta, grad) values('852963', 2200, 'ATPL', 'Prim ofiter');

commit;

--inserare insotitori de zbor

insert into insotitori_de_zbor(id_insotitor_de_zbor, nivel_limba_engleza, certificare) values('451237', 'C2', 'CCA');
insert into insotitori_de_zbor(id_insotitor_de_zbor, nivel_limba_engleza, certificare) values('789453', 'C2', 'CCA');
insert into insotitori_de_zbor(id_insotitor_de_zbor, nivel_limba_engleza, certificare) values('123789', 'C2', 'CCA');
insert into insotitori_de_zbor(id_insotitor_de_zbor, nivel_limba_engleza, certificare) values('654123', 'C1', 'INST');
insert into insotitori_de_zbor(id_insotitor_de_zbor, nivel_limba_engleza, certificare) values('987321', 'C1', 'INST');
insert into insotitori_de_zbor(id_insotitor_de_zbor, nivel_limba_engleza, certificare) values('456987', 'C1', 'INST');
insert into insotitori_de_zbor(id_insotitor_de_zbor, nivel_limba_engleza, certificare) values('258147', 'C1', 'SCCM');
insert into insotitori_de_zbor(id_insotitor_de_zbor, nivel_limba_engleza, certificare) values('369258', 'B2', 'SCCM');
insert into insotitori_de_zbor(id_insotitor_de_zbor, nivel_limba_engleza, certificare) values('741852', 'B2', 'SCCM');
insert into insotitori_de_zbor(id_insotitor_de_zbor, nivel_limba_engleza, certificare) values('963852', 'B2', 'LINE');
insert into insotitori_de_zbor(id_insotitor_de_zbor, nivel_limba_engleza, certificare) values('159753', 'B2', 'LINE');
insert into insotitori_de_zbor(id_insotitor_de_zbor, nivel_limba_engleza, certificare) values('753951', 'B2', 'LINE');
insert into insotitori_de_zbor(id_insotitor_de_zbor, nivel_limba_engleza, certificare) values('357159', 'B2', 'LINE');
insert into insotitori_de_zbor(id_insotitor_de_zbor, nivel_limba_engleza, certificare) values('951753', 'B1', 'LINE');
insert into insotitori_de_zbor(id_insotitor_de_zbor, nivel_limba_engleza, certificare) values('268437', 'B1', 'LINE');
insert into insotitori_de_zbor(id_insotitor_de_zbor, nivel_limba_engleza, certificare) values('579314', 'B1', 'LINE');
insert into insotitori_de_zbor(id_insotitor_de_zbor, nivel_limba_engleza, certificare) values('682491', 'B1', 'LINE');
insert into insotitori_de_zbor(id_insotitor_de_zbor, nivel_limba_engleza, certificare) values('794512', 'B1', 'LINE');
insert into insotitori_de_zbor(id_insotitor_de_zbor, nivel_limba_engleza, certificare) values('183649', 'B1', 'LINE');
insert into insotitori_de_zbor(id_insotitor_de_zbor, nivel_limba_engleza, certificare) values('294758', 'B1', 'LINE');
insert into insotitori_de_zbor(id_insotitor_de_zbor, nivel_limba_engleza, certificare) values('385927', 'B1', 'LINE');
insert into insotitori_de_zbor(id_insotitor_de_zbor, nivel_limba_engleza, certificare) values('496138', 'B2', 'LINE');
insert into insotitori_de_zbor(id_insotitor_de_zbor, nivel_limba_engleza, certificare) values('507249', 'B2', 'LINE');
insert into insotitori_de_zbor(id_insotitor_de_zbor, nivel_limba_engleza, certificare) values('618350', 'B2', 'LINE');
insert into insotitori_de_zbor(id_insotitor_de_zbor, nivel_limba_engleza, certificare) values('729461', 'B2', 'LINE');
insert into insotitori_de_zbor(id_insotitor_de_zbor, nivel_limba_engleza, certificare) values('830572', 'B2', 'LINE');
insert into insotitori_de_zbor(id_insotitor_de_zbor, nivel_limba_engleza, certificare) values('941683', 'B2', 'LINE');
insert into insotitori_de_zbor(id_insotitor_de_zbor, nivel_limba_engleza, certificare) values('052794', 'C1', 'INST');

commit;

--asignari membrii

insert into asignari_membrii(id_zbor, id_membru_echipaj, rol_indeplinit) values(101, '502347', 'Pilot flying');
insert into asignari_membrii(id_zbor, id_membru_echipaj, rol_indeplinit) values(101, '618923', 'Pilot monitoring');
insert into asignari_membrii(id_zbor, id_membru_echipaj, rol_indeplinit) values(102, '734568', 'Pilot flying');
insert into asignari_membrii(id_zbor, id_membru_echipaj, rol_indeplinit) values(102, '845217', 'Pilot monitoring');
insert into asignari_membrii(id_zbor, id_membru_echipaj, rol_indeplinit) values(103, '912345', 'Pilot flying');
insert into asignari_membrii(id_zbor, id_membru_echipaj, rol_indeplinit) values(103, '203874', 'Pilot monitoring');
insert into asignari_membrii(id_zbor, id_membru_echipaj, rol_indeplinit) values(104, '456123', 'Pilot flying');
insert into asignari_membrii(id_zbor, id_membru_echipaj, rol_indeplinit) values(104, '789456', 'Pilot monitoring');
insert into asignari_membrii(id_zbor, id_membru_echipaj, rol_indeplinit) values(105, '654987', 'Pilot flying');
insert into asignari_membrii(id_zbor, id_membru_echipaj, rol_indeplinit) values(105, '321654', 'Pilot monitoring');
insert into asignari_membrii(id_zbor, id_membru_echipaj, rol_indeplinit) values(106, '147258', 'Pilot flying');
insert into asignari_membrii(id_zbor, id_membru_echipaj, rol_indeplinit) values(106, '852963', 'Pilot monitoring');
insert into asignari_membrii(id_zbor, id_membru_echipaj, rol_indeplinit) values(107, '618923', 'Pilot flying');
insert into asignari_membrii(id_zbor, id_membru_echipaj, rol_indeplinit) values(107, '502347', 'Pilot monitoring');
insert into asignari_membrii(id_zbor, id_membru_echipaj, rol_indeplinit) values(108, '845217', 'Pilot flying');
insert into asignari_membrii(id_zbor, id_membru_echipaj, rol_indeplinit) values(108, '734568', 'Pilot monitoring');
insert into asignari_membrii(id_zbor, id_membru_echipaj, rol_indeplinit) values(109, '203874', 'Pilot flying');
insert into asignari_membrii(id_zbor, id_membru_echipaj, rol_indeplinit) values(109, '912345', 'Pilot monitoring');
insert into asignari_membrii(id_zbor, id_membru_echipaj, rol_indeplinit) values(110, '789456', 'Pilot flying');
insert into asignari_membrii(id_zbor, id_membru_echipaj, rol_indeplinit) values(110, '456123', 'Pilot monitoring');
insert into asignari_membrii(id_zbor, id_membru_echipaj, rol_indeplinit) values(111, '321654', 'Pilot flying');
insert into asignari_membrii(id_zbor, id_membru_echipaj, rol_indeplinit) values(111, '654987', 'Pilot monitoring');
insert into asignari_membrii(id_zbor, id_membru_echipaj, rol_indeplinit) values(112, '852963', 'Pilot flying');
insert into asignari_membrii(id_zbor, id_membru_echipaj, rol_indeplinit) values(112, '147258', 'Pilot monitoring');
insert into asignari_membrii(id_zbor, id_membru_echipaj, rol_indeplinit) values(113, '734568', 'Pilot flying');
insert into asignari_membrii(id_zbor, id_membru_echipaj, rol_indeplinit) values(113, '618923', 'Pilot monitoring');
insert into asignari_membrii(id_zbor, id_membru_echipaj, rol_indeplinit) values(114, '912345', 'Pilot flying');
insert into asignari_membrii(id_zbor, id_membru_echipaj, rol_indeplinit) values(114, '845217', 'Pilot monitoring');
insert into asignari_membrii(id_zbor, id_membru_echipaj, rol_indeplinit) values(115, '456123', 'Pilot flying');
insert into asignari_membrii(id_zbor, id_membru_echipaj, rol_indeplinit) values(115, '203874', 'Pilot monitoring');
insert into asignari_membrii(id_zbor, id_membru_echipaj, rol_indeplinit) values(116, '654987', 'Pilot flying');
insert into asignari_membrii(id_zbor, id_membru_echipaj, rol_indeplinit) values(116, '789456', 'Pilot monitoring');
insert into asignari_membrii(id_zbor, id_membru_echipaj, rol_indeplinit) values(117, '147258', 'Pilot flying');
insert into asignari_membrii(id_zbor, id_membru_echipaj, rol_indeplinit) values(117, '321654', 'Pilot monitoring');
insert into asignari_membrii(id_zbor, id_membru_echipaj, rol_indeplinit) values(118, '502347', 'Pilot flying');
insert into asignari_membrii(id_zbor, id_membru_echipaj, rol_indeplinit) values(118, '852963', 'Pilot monitoring');
insert into asignari_membrii(id_zbor, id_membru_echipaj, rol_indeplinit) values(119, '845217', 'Pilot flying');
insert into asignari_membrii(id_zbor, id_membru_echipaj, rol_indeplinit) values(119, '734568', 'Pilot monitoring');
insert into asignari_membrii(id_zbor, id_membru_echipaj, rol_indeplinit) values(120, '203874', 'Pilot flying');
insert into asignari_membrii(id_zbor, id_membru_echipaj, rol_indeplinit) values(120, '912345', 'Pilot monitoring');
insert into asignari_membrii(id_zbor, id_membru_echipaj, rol_indeplinit) values(121, '789456', 'Pilot flying');
insert into asignari_membrii(id_zbor, id_membru_echipaj, rol_indeplinit) values(121, '456123', 'Pilot monitoring');
insert into asignari_membrii(id_zbor, id_membru_echipaj, rol_indeplinit) values(122, '321654', 'Pilot flying');
insert into asignari_membrii(id_zbor, id_membru_echipaj, rol_indeplinit) values(122, '654987', 'Pilot monitoring');
insert into asignari_membrii(id_zbor, id_membru_echipaj, rol_indeplinit) values(123, '912345', 'Pilot flying');
insert into asignari_membrii(id_zbor, id_membru_echipaj, rol_indeplinit) values(123, '845217', 'Pilot monitoring');
insert into asignari_membrii(id_zbor, id_membru_echipaj, rol_indeplinit) values(124, '456123', 'Pilot flying');
insert into asignari_membrii(id_zbor, id_membru_echipaj, rol_indeplinit) values(124, '203874', 'Pilot monitoring');
insert into asignari_membrii(id_zbor, id_membru_echipaj, rol_indeplinit) values(125, '654987', 'Pilot flying');
insert into asignari_membrii(id_zbor, id_membru_echipaj, rol_indeplinit) values(125, '789456', 'Pilot monitoring');
insert into asignari_membrii(id_zbor, id_membru_echipaj, rol_indeplinit) values(126, '147258', 'Pilot flying');
insert into asignari_membrii(id_zbor, id_membru_echipaj, rol_indeplinit) values(126, '321654', 'Pilot monitoring');
insert into asignari_membrii(id_zbor, id_membru_echipaj, rol_indeplinit) values(127, '203874', 'Pilot flying');
insert into asignari_membrii(id_zbor, id_membru_echipaj, rol_indeplinit) values(127, '912345', 'Pilot monitoring');
insert into asignari_membrii(id_zbor, id_membru_echipaj, rol_indeplinit) values(128, '789456', 'Pilot flying');
insert into asignari_membrii(id_zbor, id_membru_echipaj, rol_indeplinit) values(128, '456123', 'Pilot monitoring');
insert into asignari_membrii(id_zbor, id_membru_echipaj, rol_indeplinit) values(129, '321654', 'Pilot flying');
insert into asignari_membrii(id_zbor, id_membru_echipaj, rol_indeplinit) values(129, '654987', 'Pilot monitoring');
insert into asignari_membrii(id_zbor, id_membru_echipaj, rol_indeplinit) values(130, '456123', 'Pilot flying');
insert into asignari_membrii(id_zbor, id_membru_echipaj, rol_indeplinit) values(130, '203874', 'Pilot monitoring');
insert into asignari_membrii(id_zbor, id_membru_echipaj, rol_indeplinit) values(131, '654987', 'Pilot flying');
insert into asignari_membrii(id_zbor, id_membru_echipaj, rol_indeplinit) values(131, '789456', 'Pilot monitoring');
insert into asignari_membrii(id_zbor, id_membru_echipaj, rol_indeplinit) values(132, '147258', 'Pilot flying');
insert into asignari_membrii(id_zbor, id_membru_echipaj, rol_indeplinit) values(132, '321654', 'Pilot monitoring');
insert into asignari_membrii(id_zbor, id_membru_echipaj, rol_indeplinit) values(133, '852963', 'Pilot flying');
insert into asignari_membrii(id_zbor, id_membru_echipaj, rol_indeplinit) values(133, '502347', 'Pilot monitoring');
insert into asignari_membrii(id_zbor, id_membru_echipaj, rol_indeplinit) values(134, '618923', 'Pilot flying');
insert into asignari_membrii(id_zbor, id_membru_echipaj, rol_indeplinit) values(134, '734568', 'Pilot monitoring');
insert into asignari_membrii(id_zbor, id_membru_echipaj, rol_indeplinit) values(135, '654987', 'Pilot flying');
insert into asignari_membrii(id_zbor, id_membru_echipaj, rol_indeplinit) values(135, '789456', 'Pilot monitoring');
insert into asignari_membrii(id_zbor, id_membru_echipaj, rol_indeplinit) values(136, '147258', 'Pilot flying');
insert into asignari_membrii(id_zbor, id_membru_echipaj, rol_indeplinit) values(136, '321654', 'Pilot monitoring');
insert into asignari_membrii(id_zbor, id_membru_echipaj, rol_indeplinit) values(101, '941683', 'Sef de cabina');
insert into asignari_membrii(id_zbor, id_membru_echipaj, rol_indeplinit) values(101, '052794', 'Senior');
insert into asignari_membrii(id_zbor, id_membru_echipaj, rol_indeplinit) values(101, '258147', 'Responsabil bucatarie');
insert into asignari_membrii(id_zbor, id_membru_echipaj, rol_indeplinit) values(101, '963852', 'Insotitor');
insert into asignari_membrii(id_zbor, id_membru_echipaj, rol_indeplinit) values(102, '789453', 'Sef de cabina');
insert into asignari_membrii(id_zbor, id_membru_echipaj, rol_indeplinit) values(102, '987321', 'Senior');
insert into asignari_membrii(id_zbor, id_membru_echipaj, rol_indeplinit) values(102, '369258', 'Responsabil bucatarie');
insert into asignari_membrii(id_zbor, id_membru_echipaj, rol_indeplinit) values(102, '159753', 'Insotitor');
insert into asignari_membrii(id_zbor, id_membru_echipaj, rol_indeplinit) values(103, '123789', 'Sef de cabina');
insert into asignari_membrii(id_zbor, id_membru_echipaj, rol_indeplinit) values(103, '456987', 'Senior');
insert into asignari_membrii(id_zbor, id_membru_echipaj, rol_indeplinit) values(103, '741852', 'Responsabil bucatarie');
insert into asignari_membrii(id_zbor, id_membru_echipaj, rol_indeplinit) values(103, '753951', 'Insotitor');
insert into asignari_membrii(id_zbor, id_membru_echipaj, rol_indeplinit) values(104, '451237', 'Sef de cabina');
insert into asignari_membrii(id_zbor, id_membru_echipaj, rol_indeplinit) values(104, '052794', 'Senior');
insert into asignari_membrii(id_zbor, id_membru_echipaj, rol_indeplinit) values(104, '369258', 'Responsabil bucatarie');
insert into asignari_membrii(id_zbor, id_membru_echipaj, rol_indeplinit) values(104, '357159', 'Insotitor');
insert into asignari_membrii(id_zbor, id_membru_echipaj, rol_indeplinit) values(105, '789453', 'Sef de cabina');
insert into asignari_membrii(id_zbor, id_membru_echipaj, rol_indeplinit) values(105, '654123', 'Senior');
insert into asignari_membrii(id_zbor, id_membru_echipaj, rol_indeplinit) values(105, '258147', 'Responsabil bucatarie');
insert into asignari_membrii(id_zbor, id_membru_echipaj, rol_indeplinit) values(105, '951753', 'Insotitor');
insert into asignari_membrii(id_zbor, id_membru_echipaj, rol_indeplinit) values(106, '123789', 'Sef de cabina');
insert into asignari_membrii(id_zbor, id_membru_echipaj, rol_indeplinit) values(106, '987321', 'Senior');
insert into asignari_membrii(id_zbor, id_membru_echipaj, rol_indeplinit) values(106, '741852', 'Responsabil bucatarie');
insert into asignari_membrii(id_zbor, id_membru_echipaj, rol_indeplinit) values(106, '268437', 'Insotitor');
insert into asignari_membrii(id_zbor, id_membru_echipaj, rol_indeplinit) values(107, '451237', 'Sef de cabina');
insert into asignari_membrii(id_zbor, id_membru_echipaj, rol_indeplinit) values(107, '456987', 'Senior');
insert into asignari_membrii(id_zbor, id_membru_echipaj, rol_indeplinit) values(107, '369258', 'Responsabil bucatarie');
insert into asignari_membrii(id_zbor, id_membru_echipaj, rol_indeplinit) values(107, '579314', 'Insotitor');
insert into asignari_membrii(id_zbor, id_membru_echipaj, rol_indeplinit) values(108, '789453', 'Sef de cabina');
insert into asignari_membrii(id_zbor, id_membru_echipaj, rol_indeplinit) values(108, '052794', 'Senior');
insert into asignari_membrii(id_zbor, id_membru_echipaj, rol_indeplinit) values(108, '741852', 'Responsabil bucatarie');
insert into asignari_membrii(id_zbor, id_membru_echipaj, rol_indeplinit) values(108, '682491', 'Insotitor');
insert into asignari_membrii(id_zbor, id_membru_echipaj, rol_indeplinit) values(109, '123789', 'Sef de cabina');
insert into asignari_membrii(id_zbor, id_membru_echipaj, rol_indeplinit) values(109, '654123', 'Senior');
insert into asignari_membrii(id_zbor, id_membru_echipaj, rol_indeplinit) values(109, '258147', 'Responsabil bucatarie');
insert into asignari_membrii(id_zbor, id_membru_echipaj, rol_indeplinit) values(109, '794512', 'Insotitor');
insert into asignari_membrii(id_zbor, id_membru_echipaj, rol_indeplinit) values(110, '987321', 'Senior');
insert into asignari_membrii(id_zbor, id_membru_echipaj, rol_indeplinit) values(110, '369258', 'Responsabil bucatarie');
insert into asignari_membrii(id_zbor, id_membru_echipaj, rol_indeplinit) values(110, '183649', 'Insotitor');
insert into asignari_membrii(id_zbor, id_membru_echipaj, rol_indeplinit) values(110, '294758', 'Insotitor');
insert into asignari_membrii(id_zbor, id_membru_echipaj, rol_indeplinit) values(111, '456987', 'Senior');
insert into asignari_membrii(id_zbor, id_membru_echipaj, rol_indeplinit) values(111, '741852', 'Responsabil bucatarie');
insert into asignari_membrii(id_zbor, id_membru_echipaj, rol_indeplinit) values(111, '385927', 'Insotitor');
insert into asignari_membrii(id_zbor, id_membru_echipaj, rol_indeplinit) values(111, '496138', 'Insotitor');
insert into asignari_membrii(id_zbor, id_membru_echipaj, rol_indeplinit) values(112, '052794', 'Senior');
insert into asignari_membrii(id_zbor, id_membru_echipaj, rol_indeplinit) values(112, '258147', 'Responsabil bucatarie');
insert into asignari_membrii(id_zbor, id_membru_echipaj, rol_indeplinit) values(112, '507249', 'Insotitor');
insert into asignari_membrii(id_zbor, id_membru_echipaj, rol_indeplinit) values(112, '618350', 'Insotitor');
insert into asignari_membrii(id_zbor, id_membru_echipaj, rol_indeplinit) values(113, '451237', 'Sef de cabina');
insert into asignari_membrii(id_zbor, id_membru_echipaj, rol_indeplinit) values(113, '729461', 'Insotitor');
insert into asignari_membrii(id_zbor, id_membru_echipaj, rol_indeplinit) values(113, '830572', 'Insotitor');
insert into asignari_membrii(id_zbor, id_membru_echipaj, rol_indeplinit) values(113, '941683', 'Insotitor');
insert into asignari_membrii(id_zbor, id_membru_echipaj, rol_indeplinit) values(114, '789453', 'Sef de cabina');
insert into asignari_membrii(id_zbor, id_membru_echipaj, rol_indeplinit) values(114, '963852', 'Insotitor');
insert into asignari_membrii(id_zbor, id_membru_echipaj, rol_indeplinit) values(114, '159753', 'Insotitor');
insert into asignari_membrii(id_zbor, id_membru_echipaj, rol_indeplinit) values(114, '753951', 'Insotitor');
insert into asignari_membrii(id_zbor, id_membru_echipaj, rol_indeplinit) values(115, '123789', 'Sef de cabina');
insert into asignari_membrii(id_zbor, id_membru_echipaj, rol_indeplinit) values(115, '357159', 'Insotitor');
insert into asignari_membrii(id_zbor, id_membru_echipaj, rol_indeplinit) values(115, '951753', 'Insotitor');
insert into asignari_membrii(id_zbor, id_membru_echipaj, rol_indeplinit) values(115, '268437', 'Insotitor');
insert into asignari_membrii(id_zbor, id_membru_echipaj, rol_indeplinit) values(116, '654123', 'Senior');
insert into asignari_membrii(id_zbor, id_membru_echipaj, rol_indeplinit) values(116, '987321', 'Senior');
insert into asignari_membrii(id_zbor, id_membru_echipaj, rol_indeplinit) values(116, '579314', 'Insotitor');
insert into asignari_membrii(id_zbor, id_membru_echipaj, rol_indeplinit) values(116, '682491', 'Insotitor');

commit;

--inserare clienti

insert into clienti(id_client, nume, prenume, email, data_nastere, nationalitate, numar_de_telefon) values(1001, 'Smith', 'John', 'john.smith@gmail.com', to_date('15-03-1985', 'dd-mm-yyyy'), 'american', '+1555-1234');
insert into clienti(id_client, nume, prenume, email, data_nastere, nationalitate, numar_de_telefon) values(1002, 'Pop', 'Ana', 'ana.pop@outlook.com', to_date('22-07-1990', 'dd-mm-yyyy'), 'roman', '+40744112233');
insert into clienti(id_client, nume, prenume, email, data_nastere, nationalitate, numar_de_telefon) values(1003, 'Muller', 'Hans', 'hans.muller@hotmail.com', to_date('05-11-1978', 'dd-mm-yyyy'), 'german', '+4930902694000');
insert into clienti(id_client, nume, prenume, email, data_nastere, nationalitate, numar_de_telefon) values(1004, 'Rossi', 'Giovanni', 'giovanni.rossi@gmail.com', to_date('18-09-1982', 'dd-mm-yyyy'), 'italian', '+390695838671');
insert into clienti(id_client, nume, prenume, email, data_nastere, nationalitate, numar_de_telefon) values(1005, 'Garcia', 'Maria', 'maria.garcia@outlook.com', to_date('30-04-1995', 'dd-mm-yyyy'), 'spaniol', '+3493657-23-21');
insert into clienti(id_client, nume, prenume, email, data_nastere, nationalitate, numar_de_telefon) values(1006, 'Dubois', 'Pierre', 'pierre.dubois@hotmail.com', to_date('14-12-1988', 'dd-mm-yyyy'), 'francez', '+330967870164');
insert into clienti(id_client, nume, prenume, email, data_nastere, nationalitate, numar_de_telefon) values(1007, 'Kowalski', 'Jan', 'jan.kowalski@gmail.com', to_date('25-06-1975', 'dd-mm-yyyy'), 'polonez', '+48960412601');
insert into clienti(id_client, nume, prenume, email, data_nastere, nationalitate, numar_de_telefon) values(1008, 'Nagy', 'Istvan', 'istvan.nagy@outlook.com', to_date('11-02-1992', 'dd-mm-yyyy'), 'maghiar', '+360615439991');
insert into clienti(id_client, nume, prenume, email, data_nastere, nationalitate, numar_de_telefon) values(1009, 'Ionescu', 'Mihai', 'mihai.ionescu@s.unibuc.ro', to_date('08-08-1980', 'dd-mm-yyyy'), 'roman', '+40745223344');
insert into clienti(id_client, nume, prenume, email, data_nastere, nationalitate) values(1010, 'Van', 'Dijk', 'van.dijk@hotmail.com', to_date('19-01-1998', 'dd-mm-yyyy'), 'olandez');
insert into clienti(id_client, nume, prenume, email, data_nastere, nationalitate, numar_de_telefon) values(1011, 'Sato', 'Yuki', 'yuki.sato@gmail.com', to_date('12-05-1987', 'dd-mm-yyyy'), 'japonez', '+81390580948');
insert into clienti(id_client, nume, prenume, email, data_nastere, nationalitate, numar_de_telefon) values(1012, 'Kim', 'Min', 'min.kim@outlook.com', to_date('27-10-1993', 'dd-mm-yyyy'), 'coreean', '+821065828692');
insert into clienti(id_client, nume, prenume, email, data_nastere, nationalitate) values(1013, 'Stan', 'Elena', 'elena.stan@s.unibuc.ro', to_date('03-03-1984', 'dd-mm-yyyy'), 'roman');
insert into clienti(id_client, nume, prenume, email, data_nastere, nationalitate) values(1014, 'Silva', 'Joao', 'joao.silva@gmail.com', to_date('09-09-1979', 'dd-mm-yyyy'), 'portughez');
insert into clienti(id_client, nume, prenume, email, data_nastere, nationalitate, numar_de_telefon) values(1015, 'Constantin', 'Alexandru', 'alex.constantin@hotmail.com', to_date('23-11-1991', 'dd-mm-yyyy'), 'roman', '+40746334455');

commit;

--inserare in servicii

insert into servicii(id_serviciu, denumire, tarif, metoda_achizitie) values(1,'Bagaj de cala', 40.00, 'ONLINE');
insert into servicii(id_serviciu, denumire, tarif, metoda_achizitie) values(2,'Bagaj de cala', 60.00, 'AEROPORT');
insert into servicii(id_serviciu, denumire, tarif, metoda_achizitie) values(3,'Bagaj extra', 20.00, 'ONLINE');
insert into servicii(id_serviciu, denumire, tarif, metoda_achizitie) values(4,'Bagaj extra', 30.00, 'AEROPORT');
insert into servicii(id_serviciu, denumire, tarif, metoda_achizitie) values(5,'Inchiriere masina', 135.00, 'ONLINE');
insert into servicii(id_serviciu, denumire, tarif, metoda_achizitie) values(6,'Cazare hotel', 80.00, 'ONLINE');
insert into servicii(id_serviciu, denumire, tarif, metoda_achizitie) values(7,'Priority', 15.00, 'ONLINE');
insert into servicii(id_serviciu, denumire, tarif, metoda_achizitie) values(8,'Selectare loc', 10.00, 'ONLINE');
insert into servicii(id_serviciu, denumire, tarif, metoda_achizitie) values(9,'Pet on board', 25.00, 'ONLINE');
insert into servicii(id_serviciu, denumire, tarif, metoda_achizitie) values(10,'Asigurare de calatorie', 20.00, 'ONLINE');
insert into servicii(id_serviciu, denumire, tarif, metoda_achizitie) values(11,'Asigurare de calatorie', 60.00, 'AEROPORT');

commit;

--inserare rezervari

insert into rezervari(id_rezervare, id_client, pret_de_baza, data_rezervare) values('A7B9C2', 1001, 125.50, to_date('15-02-2025', 'dd-mm-yyyy'));
insert into rezervari(id_rezervare, id_client, pret_de_baza, data_rezervare) values('X4Y8Z1', 1001, 89.75, to_date('22-06-2025', 'dd-mm-yyyy'));
insert into rezervari(id_rezervare, id_client, pret_de_baza, data_rezervare) values('P3Q7R5', 1001, 145.00, to_date('10-09-2025', 'dd-mm-yyyy'));
insert into rezervari(id_rezervare, id_client, pret_de_baza, data_rezervare) values('M2N6K9', 1002, 98.25, to_date('05-03-2025', 'dd-mm-yyyy'));
insert into rezervari(id_rezervare, id_client, pret_de_baza, data_rezervare) values('L5T8W4', 1002, 112.00, to_date('18-07-2025', 'dd-mm-yyyy'));
insert into rezervari(id_rezervare, id_client, pret_de_baza, data_rezervare) values('D1F3H7', 1002, 76.50, to_date('05-11-2025', 'dd-mm-yyyy'));
insert into rezervari(id_rezervare, id_client, pret_de_baza, data_rezervare) values('J8V2B6', 1004, 135.75, to_date('12-04-2025', 'dd-mm-yyyy'));
insert into rezervari(id_rezervare, id_client, pret_de_baza, data_rezervare) values('S4G9P1', 1004, 88.90, to_date('25-08-2025', 'dd-mm-yyyy'));
insert into rezervari(id_rezervare, id_client, pret_de_baza, data_rezervare) values('Z6X2C8', 1004, 152.25, to_date('30-10-2025', 'dd-mm-yyyy'));
insert into rezervari(id_rezervare, id_client, pret_de_baza, data_rezervare) values('R7K3N5', 1007, 105.50, to_date('30-10-2025', 'dd-mm-yyyy'));
insert into rezervari(id_rezervare, id_client, pret_de_baza, data_rezervare) values('T9W1M4', 1007, 67.80, to_date('14-05-2025', 'dd-mm-yyyy'));
insert into rezervari(id_rezervare, id_client, pret_de_baza, data_rezervare) values('U2Y6L8', 1007, 129.95, to_date('28-09-2025', 'dd-mm-yyyy'));
insert into rezervari(id_rezervare, id_client, pret_de_baza, data_rezervare) values('E4F7H2', 1003, 142.30, to_date('28-02-2025', 'dd-mm-yyyy'));
insert into rezervari(id_rezervare, id_client, pret_de_baza, data_rezervare) values('I5O3Q9', 1003, 93.45, to_date('02-07-2025', 'dd-mm-yyyy'));
insert into rezervari(id_rezervare, id_client, pret_de_baza, data_rezervare) values('C8A5S1', 1005, 78.60, to_date('05-04-2025', 'dd-mm-yyyy'));
insert into rezervari(id_rezervare, id_client, pret_de_baza, data_rezervare) values('B2D9G6', 1005, 119.25, to_date('15-10-2025', 'dd-mm-yyyy'));
insert into rezervari(id_rezervare, id_client, pret_de_baza, data_rezervare) values('N3M7V8', 1009, 134.70, to_date('22-03-2025', 'dd-mm-yyyy'));
insert into rezervari(id_rezervare, id_client, pret_de_baza, data_rezervare) values('O1P4K2', 1009, 85.90, to_date('08-08-2025', 'dd-mm-yyyy'));
insert into rezervari(id_rezervare, id_client, pret_de_baza, data_rezervare) values('Q6R2T7', 1011, 158.00, to_date('10-06-2025', 'dd-mm-yyyy'));
insert into rezervari(id_rezervare, id_client, pret_de_baza, data_rezervare) values('W5X8Y3', 1011, 102.75, to_date('20-11-2025', 'dd-mm-yyyy'));
insert into rezervari(id_rezervare, id_client, pret_de_baza, data_rezervare) values('H9J4F1', 1006, 149.99, to_date('25-05-2025', 'dd-mm-yyyy'));
insert into rezervari(id_rezervare, id_client, pret_de_baza, data_rezervare) values('K3L7S2', 1008, 91.40, to_date('15-09-2025', 'dd-mm-yyyy'));
insert into rezervari(id_rezervare, id_client, pret_de_baza, data_rezervare) values('V2Z5N8', 1012, 124.80, to_date('18-04-2025', 'dd-mm-yyyy'));
insert into rezervari(id_rezervare, id_client, pret_de_baza, data_rezervare) values('Y7M4C9', 1014, 139.50, to_date('05-10-2025', 'dd-mm-yyyy'));
insert into rezervari(id_rezervare, id_client, pret_de_baza, data_rezervare) values('F6D3T1', 1015, 69.95, to_date('30-07-2025', 'dd-mm-yyyy'));

commit;

--inserare selectari servicii

insert into selectari_servicii(id_rezervare, id_serviciu, cantitate) values('A7B9C2', 1, 2);
insert into selectari_servicii(id_rezervare, id_serviciu, cantitate) values('A7B9C2', 2, 1);
insert into selectari_servicii(id_rezervare, id_serviciu, cantitate) values('A7B9C2', 8, 1);
insert into selectari_servicii(id_rezervare, id_serviciu, cantitate) values('M2N6K9', 7, 1);
insert into selectari_servicii(id_rezervare, id_serviciu, cantitate) values('M2N6K9', 10, 1);
insert into selectari_servicii(id_rezervare, id_serviciu, cantitate) values('M2N6K9', 11, 1);
insert into selectari_servicii(id_rezervare, id_serviciu, cantitate) values('J8V2B6', 4, 1);
insert into selectari_servicii(id_rezervare, id_serviciu, cantitate) values('J8V2B6', 6, 2);
insert into selectari_servicii(id_rezervare, id_serviciu, cantitate) values('R7K3N5', 8, 2);
insert into selectari_servicii(id_rezervare, id_serviciu, cantitate) values('R7K3N5', 9, 1);
insert into selectari_servicii(id_rezervare, id_serviciu, cantitate) values('E4F7H2', 1, 1);
insert into selectari_servicii(id_rezervare, id_serviciu, cantitate) values('E4F7H2', 3, 1);
insert into selectari_servicii(id_rezervare, id_serviciu, cantitate) values('C8A5S1', 5, 1);
insert into selectari_servicii(id_rezervare, id_serviciu, cantitate) values('C8A5S1', 7, 1);
insert into selectari_servicii(id_rezervare, id_serviciu, cantitate) values('N3M7V8', 8, 1);
insert into selectari_servicii(id_rezervare, id_serviciu, cantitate) values('N3M7V8', 10, 1);
insert into selectari_servicii(id_rezervare, id_serviciu, cantitate) values('Q6R2T7', 1, 2);
insert into selectari_servicii(id_rezervare, id_serviciu, cantitate) values('Q6R2T7', 6, 1);
insert into selectari_servicii(id_rezervare, id_serviciu, cantitate) values('H9J4F1', 9, 1);
insert into selectari_servicii(id_rezervare, id_serviciu, cantitate) values('H9J4F1', 8, 2);
insert into selectari_servicii(id_rezervare, id_serviciu, cantitate) values('V2Z5N8', 4, 1);
insert into selectari_servicii(id_rezervare, id_serviciu, cantitate) values('Y7M4C9', 11, 1);

commit;

--inserare bilete

insert into bilete(id_rezervare, id_zbor, cod_bilet) values('A7B9C2', 101, 'L9KA5');
insert into bilete(id_rezervare, id_zbor, cod_bilet) values('A7B9C2', 102, 'HAUG8');
insert into bilete(id_rezervare, id_zbor, cod_bilet) values('X4Y8Z1', 103, 'BYKUU');
insert into bilete(id_rezervare, id_zbor, cod_bilet) values('X4Y8Z1', 104, '79NLO');
insert into bilete(id_rezervare, id_zbor, cod_bilet) values('P3Q7R5', 105, 'NKHKA');
insert into bilete(id_rezervare, id_zbor, cod_bilet) values('P3Q7R5', 106, '7N801');
insert into bilete(id_rezervare, id_zbor, cod_bilet) values('M2N6K9', 107, '7NG73');
insert into bilete(id_rezervare, id_zbor, cod_bilet) values('M2N6K9', 108, 'H7G71');
insert into bilete(id_rezervare, id_zbor, cod_bilet) values('L5T8W4', 109, '8KNAY');
insert into bilete(id_rezervare, id_zbor, cod_bilet) values('L5T8W4', 110, 'SKIB3');
insert into bilete(id_rezervare, id_zbor, cod_bilet) values('D1F3H7', 111, 'LINK1');
insert into bilete(id_rezervare, id_zbor, cod_bilet) values('D1F3H7', 112, '8NA81');
insert into bilete(id_rezervare, id_zbor, cod_bilet) values('J8V2B6', 101, '8T0NA');
insert into bilete(id_rezervare, id_zbor, cod_bilet) values('J8V2B6', 102, '9NA92');
insert into bilete(id_rezervare, id_zbor, cod_bilet) values('S4G9P1', 103, '0NA73');
insert into bilete(id_rezervare, id_zbor, cod_bilet) values('S4G9P1', 104, '81NBA');
insert into bilete(id_rezervare, id_zbor, cod_bilet) values('Z6X2C8', 105, '0MA98');
insert into bilete(id_rezervare, id_zbor, cod_bilet) values('Z6X2C8', 106, 'PIN14');
insert into bilete(id_rezervare, id_zbor, cod_bilet) values('R7K3N5', 107, 'FMIUB');
insert into bilete(id_rezervare, id_zbor, cod_bilet) values('R7K3N5', 108, 'BDPRO');
insert into bilete(id_rezervare, id_zbor, cod_bilet) values('T9W1M4', 109, 'BIL91');
insert into bilete(id_rezervare, id_zbor, cod_bilet) values('T9W1M4', 110, '0BA83');
insert into bilete(id_rezervare, id_zbor, cod_bilet) values('U2Y6L8', 111, 'G01MF');
insert into bilete(id_rezervare, id_zbor, cod_bilet) values('U2Y6L8', 112, 'FME13');
insert into bilete(id_rezervare, id_zbor, cod_bilet) values('E4F7H2', 113, 'T8NA4');
insert into bilete(id_rezervare, id_zbor, cod_bilet) values('E4F7H2', 114, '61BF8');
insert into bilete(id_rezervare, id_zbor, cod_bilet) values('I5O3Q9', 115, '9NA77');
insert into bilete(id_rezervare, id_zbor, cod_bilet) values('I5O3Q9', 116, '9U9AH');
insert into bilete(id_rezervare, id_zbor, cod_bilet) values('C8A5S1', 101, 'HOAHS');
insert into bilete(id_rezervare, id_zbor, cod_bilet) values('C8A5S1', 102, 'IUASI');
insert into bilete(id_rezervare, id_zbor, cod_bilet) values('B2D9G6', 103, '79BOF');
insert into bilete(id_rezervare, id_zbor, cod_bilet) values('B2D9G6', 104, 'BLA34');
insert into bilete(id_rezervare, id_zbor, cod_bilet) values('N3M7V8', 105, 'BUKEL');
insert into bilete(id_rezervare, id_zbor, cod_bilet) values('N3M7V8', 106, 'PREML');
insert into bilete(id_rezervare, id_zbor, cod_bilet) values('O1P4K2', 107, 'INITA');
insert into bilete(id_rezervare, id_zbor, cod_bilet) values('O1P4K2', 108, '9N190');
insert into bilete(id_rezervare, id_zbor, cod_bilet) values('Q6R2T7', 109, '0M19A');
insert into bilete(id_rezervare, id_zbor, cod_bilet) values('Q6R2T7', 110, 'O19AM');
insert into bilete(id_rezervare, id_zbor, cod_bilet) values('W5X8Y3', 111, '0NIOP');
insert into bilete(id_rezervare, id_zbor, cod_bilet) values('W5X8Y3', 112, 'OH9HN');
insert into bilete(id_rezervare, id_zbor, cod_bilet) values('H9J4F1', 113, '9N18N');
insert into bilete(id_rezervare, id_zbor, cod_bilet) values('H9J4F1', 114, '163BI');
insert into bilete(id_rezervare, id_zbor, cod_bilet) values('K3L7S2', 115, '8ANG0');
insert into bilete(id_rezervare, id_zbor, cod_bilet) values('K3L7S2', 116, 'ABGU1');
insert into bilete(id_rezervare, id_zbor, cod_bilet) values('V2Z5N8', 101, 'GBA90');
insert into bilete(id_rezervare, id_zbor, cod_bilet) values('V2Z5N8', 102, '8FO14');
insert into bilete(id_rezervare, id_zbor, cod_bilet) values('Y7M4C9', 103, '91N58');
insert into bilete(id_rezervare, id_zbor, cod_bilet) values('Y7M4C9', 104, 'A9NDU');
insert into bilete(id_rezervare, id_zbor, cod_bilet) values('F6D3T1', 105, '9AJDN');
insert into bilete(id_rezervare, id_zbor, cod_bilet) values('F6D3T1', 106, '751IN');

commit;